acc,rid,status,length,pctN,identity,coverage
B015,Xa1,OK,28819.0,5.49,,
B015,Xa21,OK,7769.0,4.71,,
B015,Xa3_Xa26,NO_HIT,,,,
B015,xa5,OK,11929.0,0.39,,
B015,xa13_SWEET11,OK,8537.0,0.19,,
B015,xa25_SWEET13,OK,8841.0,6.93,,
B015,Xa27,NO_HIT,,,,
B061,Xa1,OK,28810.0,5.81,,
B061,Xa21,OK,7769.0,7.62,,
B061,Xa3_Xa26,NO_HIT,,,,
B061,xa5,OK,11924.0,1.04,,
B061,xa13_SWEET11,OK,8541.0,0.53,,
B061,xa25_SWEET13,OK,8842.0,7.86,,
B061,Xa27,NO_HIT,,,,
B081,Xa1,OK,28816.0,4.89,,
B081,Xa21,OK,7770.0,3.18,,
B081,Xa3_Xa26,OK,160209.0,22.43,,
B081,xa5,OK,11917.0,1.45,,
B081,xa13_SWEET11,OK,8551.0,2.32,,
B081,xa25_SWEET13,OK,8843.0,10.04,,
B081,Xa27,NO_HIT,,,,
B094,Xa1,OK,28828.0,21.54,,
B094,Xa21,OK,7788.0,17.85,,
B094,Xa3_Xa26,OK,160039.0,69.21,,
B094,xa5,OK,11923.0,1.35,,
B094,xa13_SWEET11,OK,8537.0,1.18,,
B094,xa25_SWEET13,OK,8839.0,7.15,,
B094,Xa27,NO_HIT,,,,
B149,Xa1,OK,28822.0,9.25,,
B149,Xa21,OK,7769.0,6.62,,
B149,Xa3_Xa26,NO_HIT,,,,
B149,xa5,OK,11925.0,0.52,,
B149,xa13_SWEET11,OK,8539.0,2.15,,
B149,xa25_SWEET13,OK,8842.0,8.22,,
B149,Xa27,NO_HIT,,,,
B157,Xa1,OK,28819.0,7.72,,
B157,Xa21,OK,7770.0,19.0,,
B157,Xa3_Xa26,NO_HIT,,,,
B157,xa5,OK,11917.0,1.56,,
B157,xa13_SWEET11,OK,8541.0,1.49,,
B157,xa25_SWEET13,OK,8850.0,6.72,,
B157,Xa27,NO_HIT,,,,
B197,Xa1,OK,28806.0,19.55,,
B197,Xa21,OK,7789.0,17.23,,
B197,Xa3_Xa26,OK,160140.0,68.01,,
B197,xa5,OK,11917.0,0.71,,
B197,xa13_SWEET11,OK,8537.0,0.84,,
B197,xa25_SWEET13,OK,8837.0,5.16,,
B197,Xa27,OK,5782.0,48.53,,
B208,Xa1,OK,28821.0,5.28,,
B208,Xa21,OK,7789.0,15.83,,
B208,Xa3_Xa26,NO_HIT,,,,
B208,xa5,OK,11926.0,0.57,,
B208,xa13_SWEET11,OK,8547.0,0.09,,
B208,xa25_SWEET13,OK,8839.0,8.37,,
B208,Xa27,NO_HIT,,,,
B210,Xa1,OK,28824.0,46.02,,
B210,Xa21,OK,6554.0,33.12,,
B210,Xa3_Xa26,OK,8526.0,29.24,,
B210,xa5,OK,11923.0,0.55,,
B210,xa13_SWEET11,OK,8541.0,1.24,,
B210,xa25_SWEET13,OK,8870.0,1.38,,
B210,Xa27,OK,5783.0,50.75,,
B216,Xa1,OK,28820.0,4.89,,
B216,Xa21,OK,7789.0,17.55,,
B216,Xa3_Xa26,NO_HIT,,,,
B216,xa5,OK,11919.0,0.15,,
B216,xa13_SWEET11,OK,8545.0,1.08,,
B216,xa25_SWEET13,OK,8855.0,9.75,,
B216,Xa27,OK,5776.0,52.18,,
B221,Xa1,OK,28826.0,7.04,,
B221,Xa21,OK,7784.0,4.97,,
B221,Xa3_Xa26,OK,8477.0,35.48,,
B221,xa5,OK,11924.0,0.78,,
B221,xa13_SWEET11,OK,8536.0,0.08,,
B221,xa25_SWEET13,OK,8895.0,7.54,,
B221,Xa27,NO_HIT,,,,
B261,Xa1,OK,28829.0,6.26,,
B261,Xa21,OK,7791.0,2.43,,
B261,Xa3_Xa26,OK,8509.0,32.75,,
B261,xa5,OK,11924.0,0.77,,
B261,xa13_SWEET11,OK,8547.0,0.09,,
B261,xa25_SWEET13,OK,8853.0,7.77,,
B261,Xa27,NO_HIT,,,,
B264,Xa1,OK,28846.0,43.35,,
B264,Xa21,OK,7791.0,1.41,,
B264,Xa3_Xa26,NO_HIT,,,,
B264,xa5,OK,11919.0,0.06,,
B264,xa13_SWEET11,OK,8538.0,1.23,,
B264,xa25_SWEET13,OK,8891.0,7.41,,
B264,Xa27,OK,5777.0,50.49,,
CX3,Xa1,OK,28811.0,5.83,,
CX3,Xa21,OK,7772.0,16.2,,
CX3,Xa3_Xa26,OK,8483.0,36.51,,
CX3,xa5,OK,11923.0,0.13,,
CX3,xa13_SWEET11,OK,8550.0,0.83,,
CX3,xa25_SWEET13,OK,8848.0,6.53,,
CX3,Xa27,NO_HIT,,,,
CX10,Xa1,OK,28817.0,5.24,,
CX10,Xa21,OK,7787.0,16.5,,
CX10,Xa3_Xa26,OK,8489.0,34.13,,
CX10,xa5,OK,11917.0,0.47,,
CX10,xa13_SWEET11,OK,8538.0,0.16,,
CX10,xa25_SWEET13,OK,8885.0,6.43,,
CX10,Xa27,NO_HIT,,,,
CX101,Xa1,OK,28822.0,5.13,,
CX101,Xa21,OK,7791.0,0.32,,
CX101,Xa3_Xa26,NO_HIT,,,,
CX101,xa5,OK,11925.0,0.04,,
CX101,xa13_SWEET11,OK,8540.0,0.02,,
CX101,xa25_SWEET13,OK,8849.0,6.22,,
CX101,Xa27,NO_HIT,,,,
CX102,Xa1,OK,28843.0,46.53,,
CX102,Xa21,OK,7769.0,3.49,,
CX102,Xa3_Xa26,OK,10644.0,14.83,,
CX102,xa5,OK,11917.0,0.35,,
CX102,xa13_SWEET11,OK,8537.0,0.55,,
CX102,xa25_SWEET13,OK,8842.0,6.45,,
CX102,Xa27,NO_HIT,,,,
CX162,Xa1,OK,28821.0,20.71,,
CX162,Xa21,OK,7769.0,7.68,,
CX162,Xa3_Xa26,OK,8477.0,30.21,,
CX162,xa5,OK,11917.0,0.34,,
CX162,xa13_SWEET11,OK,8537.0,2.5,,
CX162,xa25_SWEET13,OK,8031.0,12.71,,
CX162,Xa27,OK,5600.0,49.61,,
CX270,Xa1,OK,28818.0,26.18,,
CX270,Xa21,OK,7769.0,4.72,,
CX270,Xa3_Xa26,NO_HIT,,,,
CX270,xa5,OK,11917.0,0.42,,
CX270,xa13_SWEET11,OK,8531.0,5.32,,
CX270,xa25_SWEET13,OK,8852.0,9.64,,
CX270,Xa27,NO_HIT,,,,
IRIS_313-8454,Xa1,OK,28829.0,8.15,,
IRIS_313-8454,Xa21,OK,7769.0,2.12,,
IRIS_313-8454,Xa3_Xa26,NO_HIT,,,,
IRIS_313-8454,xa5,OK,11917.0,0.39,,
IRIS_313-8454,xa13_SWEET11,OK,8544.0,0.04,,
IRIS_313-8454,xa25_SWEET13,OK,8848.0,6.08,,
IRIS_313-8454,Xa27,NO_HIT,,,,
IRIS_313-10171,Xa1,OK,28820.0,5.33,,
IRIS_313-10171,Xa21,OK,7776.0,2.96,,
IRIS_313-10171,Xa3_Xa26,OK,160104.0,68.35,,
IRIS_313-10171,xa5,OK,11917.0,0.32,,
IRIS_313-10171,xa13_SWEET11,OK,8538.0,0.09,,
IRIS_313-10171,xa25_SWEET13,OK,8884.0,2.19,,
IRIS_313-10171,Xa27,NO_HIT,,,,
IRIS_313-10503,Xa1,OK,28846.0,47.63,,
IRIS_313-10503,Xa21,OK,7789.0,16.39,,
IRIS_313-10503,Xa3_Xa26,NO_HIT,,,,
IRIS_313-10503,xa5,OK,11917.0,0.36,,
IRIS_313-10503,xa13_SWEET11,OK,8538.0,0.82,,
IRIS_313-10503,xa25_SWEET13,OK,8849.0,5.97,,
IRIS_313-10503,Xa27,OK,5782.0,51.44,,
IRIS_313-10968,Xa1,OK,28818.0,5.24,,
IRIS_313-10968,Xa21,OK,7789.0,15.71,,
IRIS_313-10968,Xa3_Xa26,OK,8483.0,37.03,,
IRIS_313-10968,xa5,OK,11921.0,0.3,,
IRIS_313-10968,xa13_SWEET11,OK,8541.0,0.04,,
IRIS_313-10968,xa25_SWEET13,OK,8850.0,6.12,,
IRIS_313-10968,Xa27,NO_HIT,,,,
IRIS_313-11038,Xa1,OK,28827.0,5.78,,
IRIS_313-11038,Xa21,OK,7789.0,15.16,,
IRIS_313-11038,Xa3_Xa26,OK,8461.0,37.53,,
IRIS_313-11038,xa5,OK,11919.0,0.35,,
IRIS_313-11038,xa13_SWEET11,OK,8538.0,0.54,,
IRIS_313-11038,xa25_SWEET13,OK,8850.0,6.16,,
IRIS_313-11038,Xa27,NO_HIT,,,,
IRIS_313-11039,Xa1,OK,28814.0,4.67,,
IRIS_313-11039,Xa21,OK,7769.0,2.15,,
IRIS_313-11039,Xa3_Xa26,NO_HIT,,,,
IRIS_313-11039,xa5,OK,11923.0,0.38,,
IRIS_313-11039,xa13_SWEET11,OK,8538.0,0.09,,
IRIS_313-11039,xa25_SWEET13,OK,8850.0,5.28,,
IRIS_313-11039,Xa27,NO_HIT,,,,
IRIS_313-11665,Xa1,OK,28821.0,5.09,,
IRIS_313-11665,Xa21,OK,7769.0,2.41,,
IRIS_313-11665,Xa3_Xa26,OK,8500.0,36.26,,
IRIS_313-11665,xa5,OK,11917.0,0.34,,
IRIS_313-11665,xa13_SWEET11,OK,8542.0,0.12,,
IRIS_313-11665,xa25_SWEET13,OK,8842.0,5.52,,
IRIS_313-11665,Xa27,NO_HIT,,,,
IRIS_313-11667,Xa1,OK,28816.0,5.23,,
IRIS_313-11667,Xa21,OK,7772.0,17.52,,
IRIS_313-11667,Xa3_Xa26,OK,163087.0,83.07,,
IRIS_313-11667,xa5,OK,11924.0,0.35,,
IRIS_313-11667,xa13_SWEET11,OK,8538.0,0.09,,
IRIS_313-11667,xa25_SWEET13,OK,8850.0,5.73,,
IRIS_313-11667,Xa27,NO_HIT,,,,
IRIS_313-11668,Xa1,OK,28810.0,5.16,,
IRIS_313-11668,Xa21,OK,7769.0,2.5,,
IRIS_313-11668,Xa3_Xa26,OK,8497.0,35.94,,
IRIS_313-11668,xa5,OK,11917.0,0.31,,
IRIS_313-11668,xa13_SWEET11,OK,8538.0,0.16,,
IRIS_313-11668,xa25_SWEET13,OK,8850.0,5.32,,
IRIS_313-11668,Xa27,NO_HIT,,,,
IRIS_313-11692,Xa1,OK,66605.0,55.39,,
IRIS_313-11692,Xa21,OK,7769.0,2.5,,
IRIS_313-11692,Xa3_Xa26,NO_HIT,,,,
IRIS_313-11692,xa5,OK,11917.0,0.38,,
IRIS_313-11692,xa13_SWEET11,OK,8537.0,0.09,,
IRIS_313-11692,xa25_SWEET13,OK,8842.0,5.38,,
IRIS_313-11692,Xa27,OK,5779.0,50.55,,
IRIS_313-11727,Xa1,OK,28817.0,5.31,,
IRIS_313-11727,Xa21,OK,7769.0,2.77,,
IRIS_313-11727,Xa3_Xa26,OK,8483.0,34.95,,
IRIS_313-11727,xa5,OK,11917.0,0.39,,
IRIS_313-11727,xa13_SWEET11,OK,8538.0,0.16,,
IRIS_313-11727,xa25_SWEET13,OK,8892.0,5.36,,
IRIS_313-11727,Xa27,NO_HIT,,,,
IRIS_313-11732,Xa1,OK,9120.0,3.7,,
IRIS_313-11732,Xa21,OK,7769.0,2.48,,
IRIS_313-11732,Xa3_Xa26,NO_HIT,,,,
IRIS_313-11732,xa5,OK,11917.0,0.33,,
IRIS_313-11732,xa13_SWEET11,OK,8548.0,0.11,,
IRIS_313-11732,xa25_SWEET13,OK,8887.0,0.83,,
IRIS_313-11732,Xa27,NO_HIT,,,,
IRIS_313-11733,Xa1,OK,9111.0,2.5,,
IRIS_313-11733,Xa21,OK,7769.0,2.21,,
IRIS_313-11733,Xa3_Xa26,OK,8502.0,35.09,,
IRIS_313-11733,xa5,OK,11917.0,0.34,,
IRIS_313-11733,xa13_SWEET11,OK,8541.0,0.06,,
IRIS_313-11733,xa25_SWEET13,OK,8887.0,0.55,,
IRIS_313-11733,Xa27,OK,5779.0,52.38,,
IRIS_313-11734,Xa1,OK,9111.0,1.92,,
IRIS_313-11734,Xa21,OK,7772.0,17.24,,
IRIS_313-11734,Xa3_Xa26,OK,163112.0,83.7,,
IRIS_313-11734,xa5,OK,11917.0,0.34,,
IRIS_313-11734,xa13_SWEET11,OK,8548.0,0.44,,
IRIS_313-11734,xa25_SWEET13,OK,8887.0,0.8,,
IRIS_313-11734,Xa27,OK,5782.0,51.02,,
IRIS_313-11745,Xa1,OK,27277.0,39.74,,
IRIS_313-11745,Xa21,OK,7787.0,15.55,,
IRIS_313-11745,Xa3_Xa26,OK,10681.0,15.29,,
IRIS_313-11745,xa5,OK,11917.0,0.34,,
IRIS_313-11745,xa13_SWEET11,OK,8534.0,0.02,,
IRIS_313-11745,xa25_SWEET13,OK,8848.0,5.38,,
IRIS_313-11745,Xa27,OK,5787.0,51.41,,
IRIS_313-11746,Xa1,OK,27283.0,42.9,,
IRIS_313-11746,Xa21,OK,7769.0,2.73,,
IRIS_313-11746,Xa3_Xa26,OK,160112.0,63.41,,
IRIS_313-11746,xa5,OK,11917.0,0.34,,
IRIS_313-11746,xa13_SWEET11,OK,8542.0,0.09,,
IRIS_313-11746,xa25_SWEET13,OK,8850.0,5.2,,
IRIS_313-11746,Xa27,NO_HIT,,,,
IRIS_313-11752,Xa1,OK,9104.0,2.8,,
IRIS_313-11752,Xa21,OK,7769.0,2.34,,
IRIS_313-11752,Xa3_Xa26,NO_HIT,,,,
IRIS_313-11752,xa5,OK,11917.0,0.35,,
IRIS_313-11752,xa13_SWEET11,OK,8541.0,0.04,,
IRIS_313-11752,xa25_SWEET13,OK,8838.0,5.82,,
IRIS_313-11752,Xa27,NO_HIT,,,,
IRIS_313-11753,Xa1,OK,27246.0,40.66,,
IRIS_313-11753,Xa21,OK,7790.0,16.25,,
IRIS_313-11753,Xa3_Xa26,OK,8494.0,36.1,,
IRIS_313-11753,xa5,OK,11922.0,0.02,,
IRIS_313-11753,xa13_SWEET11,OK,8537.0,0.76,,
IRIS_313-11753,xa25_SWEET13,OK,8837.0,5.43,,
IRIS_313-11753,Xa27,NO_HIT,,,,
IRIS_313-11795,Xa1,OK,9119.0,3.02,,
IRIS_313-11795,Xa21,OK,7769.0,2.77,,
IRIS_313-11795,Xa3_Xa26,NO_HIT,,,,
IRIS_313-11795,xa5,OK,11919.0,0.1,,
IRIS_313-11795,xa13_SWEET11,OK,8542.0,0.08,,
IRIS_313-11795,xa25_SWEET13,OK,8842.0,5.38,,
IRIS_313-11795,Xa27,NO_HIT,,,,
IRIS_313-11796,Xa1,OK,9117.0,0.55,,
IRIS_313-11796,Xa21,OK,7770.0,15.91,,
IRIS_313-11796,Xa3_Xa26,NO_HIT,,,,
IRIS_313-11796,xa5,OK,11917.0,0.34,,
IRIS_313-11796,xa13_SWEET11,OK,8542.0,0.09,,
IRIS_313-11796,xa25_SWEET13,OK,8893.0,5.34,,
IRIS_313-11796,Xa27,NO_HIT,,,,
IRIS_313-11797,Xa1,OK,9119.0,3.31,,
IRIS_313-11797,Xa21,OK,7769.0,1.92,,
IRIS_313-11797,Xa3_Xa26,OK,8487.0,33.83,,
IRIS_313-11797,xa5,OK,11917.0,0.31,,
IRIS_313-11797,xa13_SWEET11,OK,8542.0,0.15,,
IRIS_313-11797,xa25_SWEET13,OK,8842.0,5.36,,
IRIS_313-11797,Xa27,OK,5786.0,50.33,,
IRIS_313-11799,Xa1,OK,9119.0,3.96,,
IRIS_313-11799,Xa21,OK,7787.0,15.77,,
IRIS_313-11799,Xa3_Xa26,OK,8479.0,35.9,,
IRIS_313-11799,xa5,OK,11917.0,0.36,,
IRIS_313-11799,xa13_SWEET11,OK,8538.0,0.11,,
IRIS_313-11799,xa25_SWEET13,OK,8850.0,5.54,,
IRIS_313-11799,Xa27,NO_HIT,,,,
IRIS_313-11802,Xa1,OK,9117.0,0.04,,
IRIS_313-11802,Xa21,OK,7787.0,15.41,,
IRIS_313-11802,Xa3_Xa26,OK,8507.0,30.49,,
IRIS_313-11802,xa5,OK,11925.0,0.0,,
IRIS_313-11802,xa13_SWEET11,OK,8541.0,0.09,,
IRIS_313-11802,xa25_SWEET13,OK,8850.0,5.24,,
IRIS_313-11802,Xa27,NO_HIT,,,,
IRIS_313-11804,Xa1,OK,9119.0,3.03,,
IRIS_313-11804,Xa21,OK,7772.0,16.1,,
IRIS_313-11804,Xa3_Xa26,NO_HIT,,,,
IRIS_313-11804,xa5,OK,11917.0,0.39,,
IRIS_313-11804,xa13_SWEET11,OK,8539.0,0.11,,
IRIS_313-11804,xa25_SWEET13,OK,8850.0,5.94,,
IRIS_313-11804,Xa27,NO_HIT,,,,
IRIS_313-11805,Xa1,OK,27274.0,38.36,,
IRIS_313-11805,Xa21,OK,7787.0,15.49,,
IRIS_313-11805,Xa3_Xa26,OK,8504.0,32.3,,
IRIS_313-11805,xa5,OK,11917.0,0.31,,
IRIS_313-11805,xa13_SWEET11,OK,8542.0,0.09,,
IRIS_313-11805,xa25_SWEET13,OK,8893.0,5.33,,
IRIS_313-11805,Xa27,OK,5784.0,49.88,,
IRIS_313-11806,Xa1,OK,9103.0,6.48,,
IRIS_313-11806,Xa21,OK,7769.0,2.81,,
IRIS_313-11806,Xa3_Xa26,OK,8494.0,33.67,,
IRIS_313-11806,xa5,OK,11917.0,0.39,,
IRIS_313-11806,xa13_SWEET11,OK,8538.0,0.32,,
IRIS_313-11806,xa25_SWEET13,OK,8842.0,5.77,,
IRIS_313-11806,Xa27,NO_HIT,,,,
IRIS_313-11878,Xa1,OK,9119.0,3.34,,
IRIS_313-11878,Xa21,OK,7772.0,16.41,,
IRIS_313-11878,Xa3_Xa26,OK,8520.0,34.66,,
IRIS_313-11878,xa5,OK,11917.0,0.3,,
IRIS_313-11878,xa13_SWEET11,OK,8541.0,0.4,,
IRIS_313-11878,xa25_SWEET13,OK,8901.0,0.93,,
IRIS_313-11878,Xa27,OK,5778.0,52.34,,
IRIS_313-11882,Xa1,OK,9117.0,0.48,,
IRIS_313-11882,Xa21,OK,7787.0,16.69,,
IRIS_313-11882,Xa3_Xa26,NO_HIT,,,,
IRIS_313-11882,xa5,OK,11917.0,0.3,,
IRIS_313-11882,xa13_SWEET11,OK,8541.0,0.53,,
IRIS_313-11882,xa25_SWEET13,OK,8834.0,6.57,,
IRIS_313-11882,Xa27,NO_HIT,,,,
IRIS_313-12033,Xa1,OK,9100.0,1.43,,
IRIS_313-12033,Xa21,OK,7791.0,0.81,,
IRIS_313-12033,Xa3_Xa26,OK,160244.0,19.04,,
IRIS_313-12033,xa5,OK,11917.0,0.27,,
IRIS_313-12033,xa13_SWEET11,OK,8538.0,0.12,,
IRIS_313-12033,xa25_SWEET13,OK,8901.0,1.76,,
IRIS_313-12033,Xa27,NO_HIT,,,,
B214,Xa1,OK,9104.0,3.37,,
B214,Xa21,OK,7769.0,5.34,,
B214,Xa3_Xa26,OK,8505.0,36.87,,
B214,xa5,OK,11917.0,0.49,,
B214,xa13_SWEET11,OK,8538.0,1.28,,
B214,xa25_SWEET13,OK,8840.0,5.07,,
B214,Xa27,OK,5781.0,51.69,,
B217,Xa1,OK,9115.0,2.38,,
B217,Xa21,OK,7769.0,8.04,,
B217,Xa3_Xa26,OK,8497.0,35.51,,
B217,xa5,OK,11917.0,0.52,,
B217,xa13_SWEET11,OK,8538.0,2.35,,
B217,xa25_SWEET13,OK,8847.0,7.17,,
B217,Xa27,OK,5782.0,50.12,,
CX82,Xa1,NO_HIT,,,,
CX82,Xa21,OK,7769.0,6.29,,
CX82,Xa3_Xa26,NO_HIT,,,,
CX82,xa5,OK,11921.0,0.35,,
CX82,xa13_SWEET11,OK,8537.0,0.26,,
CX82,xa25_SWEET13,OK,8860.0,7.6,,
CX82,Xa27,OK,5774.0,50.66,,
CX92,Xa1,OK,27258.0,46.09,,
CX92,Xa21,OK,7772.0,15.94,,
CX92,Xa3_Xa26,NO_HIT,,,,
CX92,xa5,OK,11917.0,0.36,,
CX92,xa13_SWEET11,OK,8538.0,0.49,,
CX92,xa25_SWEET13,OK,8890.0,6.88,,
CX92,Xa27,OK,5777.0,51.12,,
CX97,Xa1,OK,9112.0,0.86,,
CX97,Xa21,OK,7769.0,2.82,,
CX97,Xa3_Xa26,OK,8504.0,33.27,,
CX97,xa5,OK,11917.0,0.33,,
CX97,xa13_SWEET11,OK,8543.0,0.12,,
CX97,xa25_SWEET13,OK,8901.0,0.54,,
CX97,Xa27,OK,5778.0,50.85,,
CX125,Xa1,OK,27245.0,44.81,,
CX125,Xa21,OK,7772.0,17.4,,
CX125,Xa3_Xa26,NO_HIT,,,,
CX125,xa5,OK,11917.0,0.51,,
CX125,xa13_SWEET11,OK,8542.0,0.96,,
CX125,xa25_SWEET13,OK,8849.0,8.31,,
CX125,Xa27,OK,5777.0,52.24,,
CX134,Xa1,OK,9115.0,1.81,,
CX134,Xa21,OK,7769.0,4.8,,
CX134,Xa3_Xa26,OK,8502.0,36.19,,
CX134,xa5,OK,11917.0,0.59,,
CX134,xa13_SWEET11,OK,8543.0,0.62,,
CX134,xa25_SWEET13,OK,8848.0,5.61,,
CX134,Xa27,OK,5781.0,50.99,,
CX150,Xa1,NO_HIT,,,,
CX150,Xa21,OK,7772.0,16.83,,
CX150,Xa3_Xa26,NO_HIT,,,,
CX150,xa5,OK,11917.0,0.46,,
CX150,xa13_SWEET11,OK,8540.0,0.5,,
CX150,xa25_SWEET13,OK,8901.0,0.91,,
CX150,Xa27,NO_HIT,,,,
CX152,Xa1,OK,27282.0,43.11,,
CX152,Xa21,OK,7769.0,4.22,,
CX152,Xa3_Xa26,NO_HIT,,,,
CX152,xa5,OK,11917.0,0.34,,
CX152,xa13_SWEET11,OK,8548.0,0.2,,
CX152,xa25_SWEET13,OK,8896.0,6.31,,
CX152,Xa27,OK,5779.0,51.01,,
CX225,Xa1,NO_HIT,,,,
CX225,Xa21,OK,7772.0,3.41,,
CX225,Xa3_Xa26,NO_HIT,,,,
CX225,xa5,OK,11923.0,0.3,,
CX225,xa13_SWEET11,OK,8541.0,0.4,,
CX225,xa25_SWEET13,OK,8897.0,0.72,,
CX225,Xa27,OK,5779.0,51.13,,
CX250,Xa1,OK,9107.0,2.91,,
CX250,Xa21,OK,7769.0,4.52,,
CX250,Xa3_Xa26,OK,8490.0,50.74,,
CX250,xa5,OK,11917.0,0.5,,
CX250,xa13_SWEET11,OK,8551.0,0.05,,
CX250,xa25_SWEET13,OK,8847.0,5.44,,
CX250,Xa27,OK,5777.0,52.74,,
CX276,Xa1,OK,27237.0,50.68,,
CX276,Xa21,OK,7770.0,18.22,,
CX276,Xa3_Xa26,NO_HIT,,,,
CX276,xa5,OK,11924.0,0.3,,
CX276,xa13_SWEET11,OK,8541.0,0.62,,
CX276,xa25_SWEET13,OK,8851.0,3.68,,
CX276,Xa27,OK,5778.0,52.41,,
CX290,Xa1,OK,9100.0,3.67,,
CX290,Xa21,OK,7770.0,17.66,,
CX290,Xa3_Xa26,NO_HIT,,,,
CX290,xa5,OK,11917.0,0.44,,
CX290,xa13_SWEET11,OK,8547.0,0.05,,
CX290,xa25_SWEET13,OK,8883.0,7.7,,
CX290,Xa27,OK,5777.0,53.0,,
CX305,Xa1,OK,9095.0,2.28,,
CX305,Xa21,OK,7769.0,7.48,,
CX305,Xa3_Xa26,NO_HIT,,,,
CX305,xa5,OK,11917.0,0.54,,
CX305,xa13_SWEET11,OK,8541.0,1.24,,
CX305,xa25_SWEET13,OK,8847.0,6.84,,
CX305,Xa27,OK,5779.0,51.44,,
CX357,Xa1,OK,27244.0,16.95,,
CX357,Xa21,OK,7769.0,6.36,,
CX357,Xa3_Xa26,NO_HIT,,,,
CX357,xa5,OK,11917.0,0.31,,
CX357,xa13_SWEET11,OK,8542.0,0.82,,
CX357,xa25_SWEET13,OK,8897.0,6.56,,
CX357,Xa27,OK,5777.0,51.57,,
CX364,Xa1,NO_HIT,,,,
CX364,Xa21,OK,7772.0,16.56,,
CX364,Xa3_Xa26,NO_HIT,,,,
CX364,xa5,OK,11917.0,0.49,,
CX364,xa13_SWEET11,OK,8557.0,0.04,,
CX364,xa25_SWEET13,OK,8897.0,2.32,,
CX364,Xa27,OK,5782.0,51.68,,
IRIS_313-7808,Xa1,OK,27260.0,22.47,,
IRIS_313-7808,Xa21,OK,7772.0,16.82,,
IRIS_313-7808,Xa3_Xa26,NO_HIT,,,,
IRIS_313-7808,xa5,OK,11923.0,0.01,,
IRIS_313-7808,xa13_SWEET11,OK,8530.0,0.46,,
IRIS_313-7808,xa25_SWEET13,OK,8847.0,5.45,,
IRIS_313-7808,Xa27,OK,5777.0,50.84,,
IRIS_313-8930,Xa1,OK,27246.0,43.34,,
IRIS_313-8930,Xa21,OK,7770.0,2.45,,
IRIS_313-8930,Xa3_Xa26,NO_HIT,,,,
IRIS_313-8930,xa5,OK,11917.0,0.3,,
IRIS_313-8930,xa13_SWEET11,OK,8544.0,0.09,,
IRIS_313-8930,xa25_SWEET13,OK,8847.0,5.14,,
IRIS_313-8930,Xa27,OK,5779.0,52.15,,
IRIS_313-9066,Xa1,OK,27274.0,40.89,,
IRIS_313-9066,Xa21,OK,7770.0,2.95,,
IRIS_313-9066,Xa3_Xa26,NO_HIT,,,,
IRIS_313-9066,xa5,OK,11921.0,0.37,,
IRIS_313-9066,xa13_SWEET11,OK,8541.0,0.02,,
IRIS_313-9066,xa25_SWEET13,OK,8893.0,0.47,,
IRIS_313-9066,Xa27,OK,5777.0,51.19,,
IRIS_313-10333,Xa1,OK,27289.0,44.73,,
IRIS_313-10333,Xa21,OK,7769.0,2.95,,
IRIS_313-10333,Xa3_Xa26,NO_HIT,,,,
IRIS_313-10333,xa5,OK,11917.0,0.34,,
IRIS_313-10333,xa13_SWEET11,OK,8534.0,0.05,,
IRIS_313-10333,xa25_SWEET13,OK,8887.0,5.54,,
IRIS_313-10333,Xa27,OK,5777.0,51.83,,
IRIS_313-10397,Xa1,OK,9103.0,3.14,,
IRIS_313-10397,Xa21,OK,7772.0,17.23,,
IRIS_313-10397,Xa3_Xa26,OK,159439.0,73.74,,
IRIS_313-10397,xa5,OK,11919.0,0.03,,
IRIS_313-10397,xa13_SWEET11,OK,8537.0,1.96,,
IRIS_313-10397,xa25_SWEET13,OK,8847.0,5.91,,
IRIS_313-10397,Xa27,OK,5777.0,52.07,,
IRIS_313-11784,Xa1,OK,9116.0,2.14,,
IRIS_313-11784,Xa21,OK,7769.0,2.66,,
IRIS_313-11784,Xa3_Xa26,NO_HIT,,,,
IRIS_313-11784,xa5,OK,11917.0,0.36,,
IRIS_313-11784,xa13_SWEET11,OK,8547.0,0.08,,
IRIS_313-11784,xa25_SWEET13,OK,8887.0,0.91,,
IRIS_313-11784,Xa27,OK,5782.0,51.33,,
IRIS_313-11798,Xa1,OK,27265.0,37.37,,
IRIS_313-11798,Xa21,OK,7774.0,16.35,,
IRIS_313-11798,Xa3_Xa26,OK,159960.0,70.25,,
IRIS_313-11798,xa5,OK,11917.0,0.33,,
IRIS_313-11798,xa13_SWEET11,OK,8555.0,0.06,,
IRIS_313-11798,xa25_SWEET13,OK,8887.0,0.5,,
IRIS_313-11798,Xa27,OK,5778.0,50.71,,
IRIS_313-11930,Xa1,NO_HIT,,,,
IRIS_313-11930,Xa21,OK,7769.0,3.15,,
IRIS_313-11930,Xa3_Xa26,OK,159650.0,72.45,,
IRIS_313-11930,xa5,OK,11921.0,0.31,,
IRIS_313-11930,xa13_SWEET11,OK,8551.0,0.02,,
IRIS_313-11930,xa25_SWEET13,OK,8887.0,0.43,,
IRIS_313-11930,Xa27,OK,5779.0,51.77,,
B012,Xa1,NO_HIT,,,,
B012,Xa21,OK,7783.0,29.69,,
B012,Xa3_Xa26,NO_HIT,,,,
B012,xa5,OK,11923.0,0.31,,
B012,xa13_SWEET11,OK,8543.0,0.46,,
B012,xa25_SWEET13,OK,8889.0,1.46,,
B012,Xa27,OK,5776.0,49.0,,
B052,Xa1,OK,27288.0,46.98,,
B052,Xa21,OK,7774.0,5.48,,
B052,Xa3_Xa26,NO_HIT,,,,
B052,xa5,OK,11917.0,0.65,,
B052,xa13_SWEET11,OK,8546.0,0.57,,
B052,xa25_SWEET13,OK,8889.0,3.63,,
B052,Xa27,OK,5780.0,51.45,,
CX98,Xa1,OK,27271.0,46.58,,
CX98,Xa21,OK,7788.0,2.16,,
CX98,Xa3_Xa26,OK,8511.0,42.79,,
CX98,xa5,OK,11917.0,0.41,,
CX98,xa13_SWEET11,OK,8550.0,0.05,,
CX98,xa25_SWEET13,OK,8889.0,0.55,,
CX98,Xa27,NO_HIT,,,,
CX99,Xa1,NO_HIT,,,,
CX99,Xa21,OK,7770.0,16.38,,
CX99,Xa3_Xa26,OK,163104.0,86.37,,
CX99,xa5,OK,11918.0,0.31,,
CX99,xa13_SWEET11,OK,8550.0,0.37,,
CX99,xa25_SWEET13,OK,8872.0,1.49,,
CX99,Xa27,OK,5778.0,50.42,,
CX155,Xa1,OK,27256.0,54.06,,
CX155,Xa21,OK,7772.0,16.07,,
CX155,Xa3_Xa26,OK,8443.0,36.49,,
CX155,xa5,OK,11927.0,0.03,,
CX155,xa13_SWEET11,OK,8541.0,0.05,,
CX155,xa25_SWEET13,OK,8887.0,0.98,,
CX155,Xa27,OK,5781.0,50.56,,
CX160,Xa1,NO_HIT,,,,
CX160,Xa21,OK,7772.0,15.72,,
CX160,Xa3_Xa26,NO_HIT,,,,
CX160,xa5,OK,11917.0,0.33,,
CX160,xa13_SWEET11,OK,8548.0,0.39,,
CX160,xa25_SWEET13,OK,8889.0,1.78,,
CX160,Xa27,OK,5777.0,51.38,,
IRIS_313-8305,Xa1,OK,27275.0,43.17,,
IRIS_313-8305,Xa21,OK,7772.0,16.91,,
IRIS_313-8305,Xa3_Xa26,OK,8487.0,32.73,,
IRIS_313-8305,xa5,OK,11919.0,0.07,,
IRIS_313-8305,xa13_SWEET11,OK,8530.0,0.07,,
IRIS_313-8305,xa25_SWEET13,OK,8901.0,0.67,,
IRIS_313-8305,Xa27,OK,5779.0,50.11,,
IRIS_313-8595,Xa1,OK,27260.0,49.24,,
IRIS_313-8595,Xa21,OK,7789.0,3.94,,
IRIS_313-8595,Xa3_Xa26,OK,8497.0,42.86,,
IRIS_313-8595,xa5,OK,11917.0,0.45,,
IRIS_313-8595,xa13_SWEET11,OK,8544.0,0.22,,
IRIS_313-8595,xa25_SWEET13,OK,8889.0,1.87,,
IRIS_313-8595,Xa27,OK,5779.0,52.52,,
IRIS_313-8703,Xa1,OK,27243.0,61.21,,
IRIS_313-8703,Xa21,OK,7788.0,3.26,,
IRIS_313-8703,Xa3_Xa26,OK,8356.0,43.42,,
IRIS_313-8703,xa5,OK,11923.0,0.34,,
IRIS_313-8703,xa13_SWEET11,OK,8552.0,0.58,,
IRIS_313-8703,xa25_SWEET13,OK,8887.0,0.48,,
IRIS_313-8703,Xa27,OK,5783.0,49.73,,
IRIS_313-8925,Xa1,OK,9104.0,4.69,,
IRIS_313-8925,Xa21,OK,7772.0,16.13,,
IRIS_313-8925,Xa3_Xa26,NO_HIT,,,,
IRIS_313-8925,xa5,OK,11932.0,0.32,,
IRIS_313-8925,xa13_SWEET11,OK,8549.0,0.04,,
IRIS_313-8925,xa25_SWEET13,OK,8887.0,0.86,,
IRIS_313-8925,Xa27,OK,5787.0,51.67,,
IRIS_313-8988,Xa1,NO_HIT,,,,
IRIS_313-8988,Xa21,OK,7772.0,15.98,,
IRIS_313-8988,Xa3_Xa26,OK,8507.0,37.11,,
IRIS_313-8988,xa5,OK,11918.0,0.31,,
IRIS_313-8988,xa13_SWEET11,OK,8530.0,0.04,,
IRIS_313-8988,xa25_SWEET13,OK,8887.0,0.86,,
IRIS_313-8988,Xa27,OK,5777.0,50.72,,
IRIS_313-9039,Xa1,OK,27272.0,44.18,,
IRIS_313-9039,Xa21,OK,7770.0,16.25,,
IRIS_313-9039,Xa3_Xa26,NO_HIT,,,,
IRIS_313-9039,xa5,OK,11919.0,0.0,,
IRIS_313-9039,xa13_SWEET11,OK,8548.0,0.39,,
IRIS_313-9039,xa25_SWEET13,OK,8887.0,0.77,,
IRIS_313-9039,Xa27,OK,5787.0,53.36,,
IRIS_313-9067,Xa1,NO_HIT,,,,
IRIS_313-9067,Xa21,OK,7772.0,15.7,,
IRIS_313-9067,Xa3_Xa26,NO_HIT,,,,
IRIS_313-9067,xa5,OK,11926.0,0.01,,
IRIS_313-9067,xa13_SWEET11,OK,8543.0,0.01,,
IRIS_313-9067,xa25_SWEET13,OK,8884.0,7.2,,
IRIS_313-9067,Xa27,OK,5784.0,50.93,,
IRIS_313-9148,Xa1,OK,9093.0,2.75,,
IRIS_313-9148,Xa21,NO_HIT,,,,
IRIS_313-9148,Xa3_Xa26,OK,8488.0,32.81,,
IRIS_313-9148,xa5,OK,11923.0,0.31,,
IRIS_313-9148,xa13_SWEET11,OK,8552.0,0.08,,
IRIS_313-9148,xa25_SWEET13,OK,8842.0,5.46,,
IRIS_313-9148,Xa27,OK,5779.0,49.73,,
IRIS_313-9262,Xa1,OK,27282.0,39.78,,
IRIS_313-9262,Xa21,OK,7772.0,15.08,,
IRIS_313-9262,Xa3_Xa26,OK,163124.0,84.54,,
IRIS_313-9262,xa5,OK,11917.0,0.34,,
IRIS_313-9262,xa13_SWEET11,OK,8530.0,0.08,,
IRIS_313-9262,xa25_SWEET13,OK,8901.0,0.64,,
IRIS_313-9262,Xa27,OK,5780.0,49.69,,
IRIS_313-10010,Xa1,OK,27251.0,45.25,,
IRIS_313-10010,Xa21,OK,7786.0,2.61,,
IRIS_313-10010,Xa3_Xa26,OK,162925.0,83.39,,
IRIS_313-10010,xa5,OK,11918.0,0.35,,
IRIS_313-10010,xa13_SWEET11,OK,8548.0,0.08,,
IRIS_313-10010,xa25_SWEET13,OK,8901.0,1.6,,
IRIS_313-10010,Xa27,OK,5780.0,50.76,,
IRIS_313-10114,Xa1,OK,27276.0,46.89,,
IRIS_313-10114,Xa21,OK,7789.0,2.47,,
IRIS_313-10114,Xa3_Xa26,OK,8484.0,41.01,,
IRIS_313-10114,xa5,OK,11919.0,0.0,,
IRIS_313-10114,xa13_SWEET11,OK,8546.0,0.07,,
IRIS_313-10114,xa25_SWEET13,OK,8889.0,0.82,,
IRIS_313-10114,Xa27,OK,5778.0,50.87,,
IRIS_313-10576,Xa1,OK,9104.0,2.94,,
IRIS_313-10576,Xa21,OK,7774.0,2.91,,
IRIS_313-10576,Xa3_Xa26,OK,163152.0,84.63,,
IRIS_313-10576,xa5,OK,11923.0,0.34,,
IRIS_313-10576,xa13_SWEET11,OK,8551.0,0.09,,
IRIS_313-10576,xa25_SWEET13,OK,8901.0,1.43,,
IRIS_313-10576,Xa27,OK,5778.0,50.21,,
IRIS_313-10863,Xa1,OK,27264.0,40.7,,
IRIS_313-10863,Xa21,OK,7772.0,16.13,,
IRIS_313-10863,Xa3_Xa26,NO_HIT,,,,
IRIS_313-10863,xa5,OK,11922.0,0.07,,
IRIS_313-10863,xa13_SWEET11,OK,8530.0,0.08,,
IRIS_313-10863,xa25_SWEET13,OK,8901.0,1.03,,
IRIS_313-10863,Xa27,OK,5781.0,50.37,,
IRIS_313-10986,Xa1,NO_HIT,,,,
IRIS_313-10986,Xa21,OK,7771.0,2.46,,
IRIS_313-10986,Xa3_Xa26,OK,8483.0,32.42,,
IRIS_313-10986,xa5,OK,11927.0,0.3,,
IRIS_313-10986,xa13_SWEET11,OK,8549.0,0.02,,
IRIS_313-10986,xa25_SWEET13,OK,8887.0,1.05,,
IRIS_313-10986,Xa27,OK,5780.0,50.59,,
IRIS_313-11205,Xa1,NO_HIT,,,,
IRIS_313-11205,Xa21,OK,7769.0,2.51,,
IRIS_313-11205,Xa3_Xa26,OK,163148.0,84.45,,
IRIS_313-11205,xa5,OK,11922.0,0.08,,
IRIS_313-11205,xa13_SWEET11,OK,8533.0,0.16,,
IRIS_313-11205,xa25_SWEET13,OK,8891.0,1.14,,
IRIS_313-11205,Xa27,OK,5778.0,51.18,,
IRIS_313-11224,Xa1,OK,9093.0,3.57,,
IRIS_313-11224,Xa21,OK,7774.0,3.78,,
IRIS_313-11224,Xa3_Xa26,OK,163108.0,85.73,,
IRIS_313-11224,xa5,OK,11924.0,0.35,,
IRIS_313-11224,xa13_SWEET11,OK,8534.0,0.13,,
IRIS_313-11224,xa25_SWEET13,OK,8887.0,1.43,,
IRIS_313-11224,Xa27,OK,5781.0,50.11,,
IRIS_313-11229,Xa1,OK,27255.0,48.79,,
IRIS_313-11229,Xa21,OK,7772.0,16.38,,
IRIS_313-11229,Xa3_Xa26,OK,163078.0,85.13,,
IRIS_313-11229,xa5,OK,11922.0,0.05,,
IRIS_313-11229,xa13_SWEET11,OK,8530.0,0.39,,
IRIS_313-11229,xa25_SWEET13,OK,8901.0,1.15,,
IRIS_313-11229,Xa27,OK,5787.0,51.29,,
IRIS_313-11241,Xa1,OK,27240.0,14.08,,
IRIS_313-11241,Xa21,OK,7788.0,2.43,,
IRIS_313-11241,Xa3_Xa26,NO_HIT,,,,
IRIS_313-11241,xa5,OK,11922.0,0.01,,
IRIS_313-11241,xa13_SWEET11,OK,8551.0,0.08,,
IRIS_313-11241,xa25_SWEET13,OK,8889.0,0.85,,
IRIS_313-11241,Xa27,OK,5777.0,51.41,,
IRIS_313-11242,Xa1,OK,9062.0,5.76,,
IRIS_313-11242,Xa21,OK,7788.0,3.39,,
IRIS_313-11242,Xa3_Xa26,OK,8493.0,34.24,,
IRIS_313-11242,xa5,OK,11923.0,1.04,,
IRIS_313-11242,xa13_SWEET11,OK,8542.0,0.46,,
IRIS_313-11242,xa25_SWEET13,OK,8901.0,1.2,,
IRIS_313-11242,Xa27,NO_HIT,,,,
IRIS_313-11267,Xa1,OK,27273.0,52.13,,
IRIS_313-11267,Xa21,OK,6554.0,32.61,,
IRIS_313-11267,Xa3_Xa26,OK,8484.0,34.39,,
IRIS_313-11267,xa5,OK,11928.0,0.34,,
IRIS_313-11267,xa13_SWEET11,OK,8531.0,0.07,,
IRIS_313-11267,xa25_SWEET13,OK,8901.0,0.69,,
IRIS_313-11267,Xa27,OK,5781.0,50.74,,
IRIS_313-11372,Xa1,OK,27247.0,47.37,,
IRIS_313-11372,Xa21,OK,7786.0,3.21,,
IRIS_313-11372,Xa3_Xa26,OK,163081.0,84.16,,
IRIS_313-11372,xa5,OK,11917.0,9.28,,
IRIS_313-11372,xa13_SWEET11,OK,8552.0,0.83,,
IRIS_313-11372,xa25_SWEET13,OK,8901.0,0.56,,
IRIS_313-11372,Xa27,OK,5781.0,49.85,,
IRIS_313-11416,Xa1,OK,27277.0,40.63,,
IRIS_313-11416,Xa21,OK,7774.0,4.3,,
IRIS_313-11416,Xa3_Xa26,OK,160144.0,71.34,,
IRIS_313-11416,xa5,OK,11917.0,0.81,,
IRIS_313-11416,xa13_SWEET11,OK,8549.0,0.89,,
IRIS_313-11416,xa25_SWEET13,OK,8887.0,0.88,,
IRIS_313-11416,Xa27,OK,5780.0,51.97,,
IRIS_313-11453,Xa1,OK,27267.0,43.38,,
IRIS_313-11453,Xa21,OK,7772.0,15.79,,
IRIS_313-11453,Xa3_Xa26,OK,8530.0,38.84,,
IRIS_313-11453,xa5,OK,11922.0,0.3,,
IRIS_313-11453,xa13_SWEET11,OK,8530.0,0.15,,
IRIS_313-11453,xa25_SWEET13,OK,8889.0,0.88,,
IRIS_313-11453,Xa27,NO_HIT,,,,
IRIS_313-11460,Xa1,OK,27255.0,59.38,,
IRIS_313-11460,Xa21,OK,7789.0,2.61,,
IRIS_313-11460,Xa3_Xa26,OK,8485.0,44.68,,
IRIS_313-11460,xa5,OK,11917.0,0.37,,
IRIS_313-11460,xa13_SWEET11,OK,8534.0,0.23,,
IRIS_313-11460,xa25_SWEET13,OK,8901.0,0.98,,
IRIS_313-11460,Xa27,OK,5777.0,51.25,,
IRIS_313-11642,Xa1,OK,27279.0,36.8,,
IRIS_313-11642,Xa21,OK,7774.0,2.78,,
IRIS_313-11642,Xa3_Xa26,OK,8474.0,32.51,,
IRIS_313-11642,xa5,OK,11917.0,0.3,,
IRIS_313-11642,xa13_SWEET11,OK,8530.0,0.07,,
IRIS_313-11642,xa25_SWEET13,OK,8901.0,0.33,,
IRIS_313-11642,Xa27,OK,5777.0,51.72,,
IRIS_313-11644,Xa1,OK,27265.0,39.86,,
IRIS_313-11644,Xa21,OK,7772.0,2.71,,
IRIS_313-11644,Xa3_Xa26,NO_HIT,,,,
IRIS_313-11644,xa5,OK,11917.0,0.3,,
IRIS_313-11644,xa13_SWEET11,OK,8544.0,0.02,,
IRIS_313-11644,xa25_SWEET13,OK,8887.0,0.51,,
IRIS_313-11644,Xa27,NO_HIT,,,,
IRIS_313-11645,Xa1,OK,27263.0,39.37,,
IRIS_313-11645,Xa21,OK,7772.0,15.81,,
IRIS_313-11645,Xa3_Xa26,NO_HIT,,,,
IRIS_313-11645,xa5,OK,11917.0,0.3,,
IRIS_313-11645,xa13_SWEET11,OK,8534.0,0.06,,
IRIS_313-11645,xa25_SWEET13,OK,8842.0,5.2,,
IRIS_313-11645,Xa27,NO_HIT,,,,
IRIS_313-11646,Xa1,OK,27261.0,40.7,,
IRIS_313-11646,Xa21,OK,7773.0,15.88,,
IRIS_313-11646,Xa3_Xa26,OK,8487.0,31.58,,
IRIS_313-11646,xa5,OK,11923.0,0.3,,
IRIS_313-11646,xa13_SWEET11,OK,8554.0,0.13,,
IRIS_313-11646,xa25_SWEET13,OK,8901.0,0.35,,
IRIS_313-11646,Xa27,OK,5787.0,49.66,,
IRIS_313-11648,Xa1,NO_HIT,,,,
IRIS_313-11648,Xa21,OK,7774.0,2.75,,
IRIS_313-11648,Xa3_Xa26,NO_HIT,,,,
IRIS_313-11648,xa5,OK,11916.0,0.06,,
IRIS_313-11648,xa13_SWEET11,OK,8543.0,0.04,,
IRIS_313-11648,xa25_SWEET13,OK,8901.0,0.52,,
IRIS_313-11648,Xa27,OK,5779.0,50.63,,
IRIS_313-11671,Xa1,OK,27264.0,37.86,,
IRIS_313-11671,Xa21,OK,7788.0,2.49,,
IRIS_313-11671,Xa3_Xa26,OK,8491.0,30.11,,
IRIS_313-11671,xa5,OK,11922.0,0.08,,
IRIS_313-11671,xa13_SWEET11,OK,8534.0,0.04,,
IRIS_313-11671,xa25_SWEET13,OK,8901.0,0.18,,
IRIS_313-11671,Xa27,OK,5782.0,49.65,,
IRIS_313-11723,Xa1,OK,9107.0,2.81,,
IRIS_313-11723,Xa21,OK,7774.0,2.75,,
IRIS_313-11723,Xa3_Xa26,OK,163156.0,81.98,,
IRIS_313-11723,xa5,OK,11923.0,0.33,,
IRIS_313-11723,xa13_SWEET11,OK,8534.0,0.11,,
IRIS_313-11723,xa25_SWEET13,OK,8887.0,0.28,,
IRIS_313-11723,Xa27,OK,5786.0,49.6,,
IRIS_313-11738,Xa1,OK,27261.0,41.51,,
IRIS_313-11738,Xa21,OK,7772.0,15.11,,
IRIS_313-11738,Xa3_Xa26,NO_HIT,,,,
IRIS_313-11738,xa5,OK,11921.0,0.3,,
IRIS_313-11738,xa13_SWEET11,OK,8530.0,0.21,,
IRIS_313-11738,xa25_SWEET13,OK,8889.0,0.74,,
IRIS_313-11738,Xa27,OK,5777.0,51.58,,
IRIS_313-11760,Xa1,NO_HIT,,,,
IRIS_313-11760,Xa21,OK,7774.0,3.37,,
IRIS_313-11760,Xa3_Xa26,NO_HIT,,,,
IRIS_313-11760,xa5,OK,11917.0,0.3,,
IRIS_313-11760,xa13_SWEET11,OK,8541.0,0.04,,
IRIS_313-11760,xa25_SWEET13,OK,8901.0,1.01,,
IRIS_313-11760,Xa27,OK,5778.0,48.67,,
IRIS_313-11761,Xa1,OK,27292.0,44.07,,
IRIS_313-11761,Xa21,OK,7789.0,2.5,,
IRIS_313-11761,Xa3_Xa26,NO_HIT,,,,
IRIS_313-11761,xa5,OK,11923.0,0.34,,
IRIS_313-11761,xa13_SWEET11,OK,8534.0,0.04,,
IRIS_313-11761,xa25_SWEET13,OK,8889.0,0.65,,
IRIS_313-11761,Xa27,OK,5780.0,50.12,,
IRIS_313-11762,Xa1,OK,27270.0,42.9,,
IRIS_313-11762,Xa21,OK,7769.0,3.04,,
IRIS_313-11762,Xa3_Xa26,OK,8513.0,44.19,,
IRIS_313-11762,xa5,OK,11922.0,0.04,,
IRIS_313-11762,xa13_SWEET11,OK,8534.0,0.02,,
IRIS_313-11762,xa25_SWEET13,OK,8901.0,1.18,,
IRIS_313-11762,Xa27,OK,5775.0,51.69,,
IRIS_313-11787,Xa1,NO_HIT,,,,
IRIS_313-11787,Xa21,OK,7774.0,2.65,,
IRIS_313-11787,Xa3_Xa26,OK,8361.0,47.95,,
IRIS_313-11787,xa5,OK,11917.0,0.3,,
IRIS_313-11787,xa13_SWEET11,OK,8530.0,0.07,,
IRIS_313-11787,xa25_SWEET13,OK,8887.0,0.69,,
IRIS_313-11787,Xa27,OK,5784.0,50.29,,
IRIS_313-11789,Xa1,OK,27271.0,44.57,,
IRIS_313-11789,Xa21,OK,7774.0,2.7,,
IRIS_313-11789,Xa3_Xa26,OK,8506.0,34.62,,
IRIS_313-11789,xa5,OK,11923.0,0.3,,
IRIS_313-11789,xa13_SWEET11,OK,8552.0,0.12,,
IRIS_313-11789,xa25_SWEET13,OK,8901.0,0.58,,
IRIS_313-11789,Xa27,OK,5778.0,49.72,,
IRIS_313-11791,Xa1,OK,27282.0,47.18,,
IRIS_313-11791,Xa21,OK,7789.0,2.49,,
IRIS_313-11791,Xa3_Xa26,NO_HIT,,,,
IRIS_313-11791,xa5,OK,11917.0,0.31,,
IRIS_313-11791,xa13_SWEET11,OK,8535.0,0.04,,
IRIS_313-11791,xa25_SWEET13,OK,8888.0,0.72,,
IRIS_313-11791,Xa27,OK,5778.0,50.69,,
IRIS_313-11794,Xa1,OK,27296.0,43.84,,
IRIS_313-11794,Xa21,OK,7774.0,2.77,,
IRIS_313-11794,Xa3_Xa26,OK,8502.0,33.72,,
IRIS_313-11794,xa5,OK,11923.0,0.3,,
IRIS_313-11794,xa13_SWEET11,OK,8546.0,0.04,,
IRIS_313-11794,xa25_SWEET13,OK,8889.0,0.37,,
IRIS_313-11794,Xa27,OK,5778.0,49.76,,
IRIS_313-11811,Xa1,OK,27267.0,43.9,,
IRIS_313-11811,Xa21,OK,7774.0,2.97,,
IRIS_313-11811,Xa3_Xa26,OK,8510.0,38.44,,
IRIS_313-11811,xa5,OK,11923.0,0.28,,
IRIS_313-11811,xa13_SWEET11,OK,8546.0,0.04,,
IRIS_313-11811,xa25_SWEET13,OK,8901.0,0.63,,
IRIS_313-11811,Xa27,OK,5778.0,50.52,,
IRIS_313-11821,Xa1,OK,27269.0,45.14,,
IRIS_313-11821,Xa21,OK,7774.0,15.96,,
IRIS_313-11821,Xa3_Xa26,NO_HIT,,,,
IRIS_313-11821,xa5,OK,11917.0,0.3,,
IRIS_313-11821,xa13_SWEET11,OK,8539.0,0.05,,
IRIS_313-11821,xa25_SWEET13,OK,8889.0,0.4,,
IRIS_313-11821,Xa27,OK,5781.0,52.57,,
IRIS_313-11823,Xa1,OK,27264.0,42.48,,
IRIS_313-11823,Xa21,OK,7788.0,2.43,,
IRIS_313-11823,Xa3_Xa26,NO_HIT,,,,
IRIS_313-11823,xa5,OK,11917.0,0.34,,
IRIS_313-11823,xa13_SWEET11,OK,8537.0,0.12,,
IRIS_313-11823,xa25_SWEET13,OK,8901.0,0.4,,
IRIS_313-11823,Xa27,OK,5783.0,50.39,,
IRIS_313-11824,Xa1,NO_HIT,,,,
IRIS_313-11824,Xa21,OK,7772.0,16.04,,
IRIS_313-11824,Xa3_Xa26,NO_HIT,,,,
IRIS_313-11824,xa5,OK,11919.0,0.02,,
IRIS_313-11824,xa13_SWEET11,OK,8530.0,0.22,,
IRIS_313-11824,xa25_SWEET13,OK,8889.0,0.66,,
IRIS_313-11824,Xa27,OK,5777.0,51.69,,
CX107,Xa1,OK,9119.0,3.43,,
CX107,Xa21,OK,7788.0,2.36,,
CX107,Xa3_Xa26,NO_HIT,,,,
CX107,xa5,OK,11920.0,0.31,,
CX107,xa13_SWEET11,OK,8534.0,0.34,,
CX107,xa25_SWEET13,OK,8887.0,1.52,,
CX107,Xa27,OK,5776.0,50.74,,
CX154,Xa1,OK,27252.0,42.13,,
CX154,Xa21,OK,7788.0,2.68,,
CX154,Xa3_Xa26,OK,162893.0,84.7,,
CX154,xa5,OK,11926.0,0.37,,
CX154,xa13_SWEET11,OK,8538.0,0.55,,
CX154,xa25_SWEET13,OK,8842.0,6.06,,
CX154,Xa27,OK,5777.0,51.93,,
IRIS_313-8586,Xa1,OK,27274.0,12.49,,
IRIS_313-8586,Xa21,OK,7770.0,16.23,,
IRIS_313-8586,Xa3_Xa26,NO_HIT,,,,
IRIS_313-8586,xa5,OK,11923.0,0.3,,
IRIS_313-8586,xa13_SWEET11,OK,8537.0,0.35,,
IRIS_313-8586,xa25_SWEET13,OK,8842.0,6.2,,
IRIS_313-8586,Xa27,OK,5778.0,52.13,,
IRIS_313-8725,Xa1,OK,27259.0,56.83,,
IRIS_313-8725,Xa21,OK,6552.0,34.58,,
IRIS_313-8725,Xa3_Xa26,OK,163104.0,84.6,,
IRIS_313-8725,xa5,OK,11921.0,0.39,,
IRIS_313-8725,xa13_SWEET11,OK,8537.0,0.11,,
IRIS_313-8725,xa25_SWEET13,OK,8901.0,2.01,,
IRIS_313-8725,Xa27,NO_HIT,,,,
IRIS_313-9020,Xa1,NO_HIT,,,,
IRIS_313-9020,Xa21,OK,7770.0,15.95,,
IRIS_313-9020,Xa3_Xa26,OK,8358.0,47.45,,
IRIS_313-9020,xa5,OK,11922.0,0.31,,
IRIS_313-9020,xa13_SWEET11,OK,8541.0,0.11,,
IRIS_313-9020,xa25_SWEET13,OK,8887.0,0.47,,
IRIS_313-9020,Xa27,OK,5778.0,52.37,,
IRIS_313-9112,Xa1,OK,27251.0,47.44,,
IRIS_313-9112,Xa21,OK,7770.0,4.47,,
IRIS_313-9112,Xa3_Xa26,NO_HIT,,,,
IRIS_313-9112,xa5,OK,11918.0,0.35,,
IRIS_313-9112,xa13_SWEET11,OK,8530.0,0.61,,
IRIS_313-9112,xa25_SWEET13,OK,8889.0,5.89,,
IRIS_313-9112,Xa27,OK,5777.0,52.5,,
IRIS_313-10511,Xa1,OK,27255.0,42.78,,
IRIS_313-10511,Xa21,OK,7788.0,2.5,,
IRIS_313-10511,Xa3_Xa26,NO_HIT,,,,
IRIS_313-10511,xa5,OK,11923.0,0.37,,
IRIS_313-10511,xa13_SWEET11,OK,8541.0,0.14,,
IRIS_313-10511,xa25_SWEET13,OK,8847.0,4.77,,
IRIS_313-10511,Xa27,NO_HIT,,,,
IRIS_313-11079,Xa1,NO_HIT,,,,
IRIS_313-11079,Xa21,OK,7785.0,3.48,,
IRIS_313-11079,Xa3_Xa26,OK,163115.0,84.84,,
IRIS_313-11079,xa5,OK,11917.0,0.37,,
IRIS_313-11079,xa13_SWEET11,OK,8546.0,0.88,,
IRIS_313-11079,xa25_SWEET13,OK,8901.0,0.81,,
IRIS_313-11079,Xa27,OK,5777.0,53.21,,
IRIS_313-11089,Xa1,NO_HIT,,,,
IRIS_313-11089,Xa21,OK,7787.0,15.38,,
IRIS_313-11089,Xa3_Xa26,NO_HIT,,,,
IRIS_313-11089,xa5,OK,11917.0,0.32,,
IRIS_313-11089,xa13_SWEET11,OK,8540.0,0.05,,
IRIS_313-11089,xa25_SWEET13,OK,8901.0,0.82,,
IRIS_313-11089,Xa27,OK,5776.0,50.87,,
IRIS_313-11095,Xa1,OK,27244.0,29.43,,
IRIS_313-11095,Xa21,OK,7770.0,10.66,,
IRIS_313-11095,Xa3_Xa26,OK,8465.0,31.19,,
IRIS_313-11095,xa5,OK,11917.0,0.72,,
IRIS_313-11095,xa13_SWEET11,OK,8537.0,0.39,,
IRIS_313-11095,xa25_SWEET13,OK,8854.0,5.59,,
IRIS_313-11095,Xa27,NO_HIT,,,,
IRIS_313-11151,Xa1,OK,9111.0,3.64,,
IRIS_313-11151,Xa21,OK,7769.0,2.43,,
IRIS_313-11151,Xa3_Xa26,OK,8394.0,41.3,,
IRIS_313-11151,xa5,OK,11923.0,0.45,,
IRIS_313-11151,xa13_SWEET11,OK,8537.0,0.41,,
IRIS_313-11151,xa25_SWEET13,OK,8901.0,0.6,,
IRIS_313-11151,Xa27,NO_HIT,,,,
IRIS_313-11528,Xa1,NO_HIT,,,,
IRIS_313-11528,Xa21,OK,7771.0,6.73,,
IRIS_313-11528,Xa3_Xa26,OK,160091.0,71.33,,
IRIS_313-11528,xa5,OK,11917.0,0.42,,
IRIS_313-11528,xa13_SWEET11,OK,8537.0,0.12,,
IRIS_313-11528,xa25_SWEET13,OK,8837.0,5.79,,
IRIS_313-11528,Xa27,OK,5778.0,52.23,,
IRIS_313-11635,Xa1,NO_HIT,,,,
IRIS_313-11635,Xa21,OK,7769.0,2.23,,
IRIS_313-11635,Xa3_Xa26,OK,163080.0,80.88,,
IRIS_313-11635,xa5,OK,11917.0,0.28,,
IRIS_313-11635,xa13_SWEET11,OK,8541.0,0.01,,
IRIS_313-11635,xa25_SWEET13,OK,8901.0,0.24,,
IRIS_313-11635,Xa27,OK,5778.0,50.64,,
IRIS_313-11677,Xa1,NO_HIT,,,,
IRIS_313-11677,Xa21,OK,7769.0,2.24,,
IRIS_313-11677,Xa3_Xa26,OK,8515.0,34.66,,
IRIS_313-11677,xa5,OK,11917.0,0.3,,
IRIS_313-11677,xa13_SWEET11,OK,8541.0,0.11,,
IRIS_313-11677,xa25_SWEET13,OK,8887.0,0.59,,
IRIS_313-11677,Xa27,NO_HIT,,,,
IRIS_313-11683,Xa1,OK,27280.0,38.62,,
IRIS_313-11683,Xa21,OK,7788.0,2.12,,
IRIS_313-11683,Xa3_Xa26,OK,8512.0,33.05,,
IRIS_313-11683,xa5,OK,11923.0,0.33,,
IRIS_313-11683,xa13_SWEET11,OK,8532.0,0.08,,
IRIS_313-11683,xa25_SWEET13,OK,8850.0,5.38,,
IRIS_313-11683,Xa27,OK,5782.0,53.37,,
IRIS_313-11685,Xa1,OK,9119.0,3.33,,
IRIS_313-11685,Xa21,OK,7772.0,15.98,,
IRIS_313-11685,Xa3_Xa26,NO_HIT,,,,
IRIS_313-11685,xa5,OK,11923.0,0.32,,
IRIS_313-11685,xa13_SWEET11,OK,8541.0,0.02,,
IRIS_313-11685,xa25_SWEET13,OK,8901.0,0.95,,
IRIS_313-11685,Xa27,NO_HIT,,,,
IRIS_313-11700,Xa1,OK,27266.0,37.12,,
IRIS_313-11700,Xa21,OK,7772.0,15.89,,
IRIS_313-11700,Xa3_Xa26,OK,8368.0,41.83,,
IRIS_313-11700,xa5,OK,11917.0,0.31,,
IRIS_313-11700,xa13_SWEET11,OK,8545.0,0.0,,
IRIS_313-11700,xa25_SWEET13,OK,8850.0,5.36,,
IRIS_313-11700,Xa27,OK,5785.0,52.98,,
IRIS_313-11705,Xa1,NO_HIT,,,,
IRIS_313-11705,Xa21,OK,7769.0,2.32,,
IRIS_313-11705,Xa3_Xa26,OK,8404.0,47.97,,
IRIS_313-11705,xa5,OK,11927.0,0.32,,
IRIS_313-11705,xa13_SWEET11,OK,8539.0,0.22,,
IRIS_313-11705,xa25_SWEET13,OK,8850.0,5.72,,
IRIS_313-11705,Xa27,OK,5783.0,50.1,,
IRIS_313-11708,Xa1,OK,27257.0,45.78,,
IRIS_313-11708,Xa21,OK,7788.0,2.25,,
IRIS_313-11708,Xa3_Xa26,OK,8520.0,32.56,,
IRIS_313-11708,xa5,OK,11917.0,0.3,,
IRIS_313-11708,xa13_SWEET11,OK,8537.0,0.16,,
IRIS_313-11708,xa25_SWEET13,OK,8901.0,0.56,,
IRIS_313-11708,Xa27,OK,5780.0,52.8,,
IRIS_313-11716,Xa1,NO_HIT,,,,
IRIS_313-11716,Xa21,OK,6554.0,32.51,,
IRIS_313-11716,Xa3_Xa26,OK,8510.0,26.42,,
IRIS_313-11716,xa5,OK,11917.0,0.27,,
IRIS_313-11716,xa13_SWEET11,OK,8552.0,0.2,,
IRIS_313-11716,xa25_SWEET13,OK,8901.0,0.28,,
IRIS_313-11716,Xa27,NO_HIT,,,,
IRIS_313-11719,Xa1,OK,27264.0,37.25,,
IRIS_313-11719,Xa21,OK,7772.0,15.81,,
IRIS_313-11719,Xa3_Xa26,OK,8367.0,50.26,,
IRIS_313-11719,xa5,OK,11923.0,0.3,,
IRIS_313-11719,xa13_SWEET11,OK,8537.0,0.11,,
IRIS_313-11719,xa25_SWEET13,OK,8847.0,4.96,,
IRIS_313-11719,Xa27,OK,5778.0,50.78,,
IRIS_313-11720,Xa1,NO_HIT,,,,
IRIS_313-11720,Xa21,OK,7772.0,16.71,,
IRIS_313-11720,Xa3_Xa26,OK,163122.0,83.34,,
IRIS_313-11720,xa5,OK,11917.0,0.3,,
IRIS_313-11720,xa13_SWEET11,OK,8530.0,0.0,,
IRIS_313-11720,xa25_SWEET13,OK,8842.0,5.16,,
IRIS_313-11720,Xa27,OK,5782.0,50.86,,
IRIS_313-11721,Xa1,NO_HIT,,,,
IRIS_313-11721,Xa21,OK,7772.0,16.03,,
IRIS_313-11721,Xa3_Xa26,OK,8521.0,39.82,,
IRIS_313-11721,xa5,OK,11926.0,0.26,,
IRIS_313-11721,xa13_SWEET11,OK,8537.0,0.04,,
IRIS_313-11721,xa25_SWEET13,OK,8850.0,5.34,,
IRIS_313-11721,Xa27,OK,5778.0,50.81,,
IRIS_313-11724,Xa1,OK,27288.0,45.87,,
IRIS_313-11724,Xa21,OK,7769.0,2.55,,
IRIS_313-11724,Xa3_Xa26,OK,157011.0,56.15,,
IRIS_313-11724,xa5,OK,11924.0,0.3,,
IRIS_313-11724,xa13_SWEET11,OK,8548.0,0.35,,
IRIS_313-11724,xa25_SWEET13,OK,8887.0,0.57,,
IRIS_313-11724,Xa27,NO_HIT,,,,
IRIS_313-11728,Xa1,OK,9119.0,2.79,,
IRIS_313-11728,Xa21,OK,7771.0,16.27,,
IRIS_313-11728,Xa3_Xa26,OK,8514.0,28.02,,
IRIS_313-11728,xa5,OK,11916.0,0.35,,
IRIS_313-11728,xa13_SWEET11,OK,8530.0,0.07,,
IRIS_313-11728,xa25_SWEET13,OK,8887.0,0.68,,
IRIS_313-11728,Xa27,OK,5779.0,51.1,,
IRIS_313-11764,Xa1,OK,27240.0,46.96,,
IRIS_313-11764,Xa21,OK,7772.0,16.75,,
IRIS_313-11764,Xa3_Xa26,OK,163136.0,84.53,,
IRIS_313-11764,xa5,OK,11917.0,0.33,,
IRIS_313-11764,xa13_SWEET11,OK,8547.0,1.05,,
IRIS_313-11764,xa25_SWEET13,OK,8901.0,0.69,,
IRIS_313-11764,Xa27,OK,5778.0,50.54,,
IRIS_313-11786,Xa1,OK,9113.0,3.94,,
IRIS_313-11786,Xa21,OK,7772.0,16.5,,
IRIS_313-11786,Xa3_Xa26,OK,163160.0,83.73,,
IRIS_313-11786,xa5,OK,11917.0,0.34,,
IRIS_313-11786,xa13_SWEET11,OK,8533.0,0.01,,
IRIS_313-11786,xa25_SWEET13,OK,8901.0,0.29,,
IRIS_313-11786,Xa27,OK,5777.0,51.93,,
IRIS_313-11812,Xa1,NO_HIT,,,,
IRIS_313-11812,Xa21,OK,7772.0,15.05,,
IRIS_313-11812,Xa3_Xa26,OK,8390.0,47.84,,
IRIS_313-11812,xa5,OK,11923.0,0.34,,
IRIS_313-11812,xa13_SWEET11,OK,8537.0,0.01,,
IRIS_313-11812,xa25_SWEET13,OK,8901.0,0.15,,
IRIS_313-11812,Xa27,OK,5779.0,51.05,,
IRIS_313-11814,Xa1,NO_HIT,,,,
IRIS_313-11814,Xa21,OK,7769.0,2.46,,
IRIS_313-11814,Xa3_Xa26,OK,163116.0,83.94,,
IRIS_313-11814,xa5,OK,11923.0,0.35,,
IRIS_313-11814,xa13_SWEET11,OK,8537.0,0.11,,
IRIS_313-11814,xa25_SWEET13,OK,8850.0,5.71,,
IRIS_313-11814,Xa27,OK,5777.0,50.67,,
IRIS_313-11815,Xa1,NO_HIT,,,,
IRIS_313-11815,Xa21,OK,7770.0,15.75,,
IRIS_313-11815,Xa3_Xa26,OK,8372.0,44.84,,
IRIS_313-11815,xa5,OK,11917.0,0.35,,
IRIS_313-11815,xa13_SWEET11,OK,8537.0,0.11,,
IRIS_313-11815,xa25_SWEET13,OK,8901.0,0.33,,
IRIS_313-11815,Xa27,OK,5777.0,51.05,,
IRIS_313-11820,Xa1,NO_HIT,,,,
IRIS_313-11820,Xa21,OK,7769.0,2.93,,
IRIS_313-11820,Xa3_Xa26,OK,8515.0,32.57,,
IRIS_313-11820,xa5,OK,11917.0,0.32,,
IRIS_313-11820,xa13_SWEET11,OK,8541.0,0.09,,
IRIS_313-11820,xa25_SWEET13,OK,8838.0,5.34,,
IRIS_313-11820,Xa27,OK,5786.0,52.87,,
IRIS_313-12121,Xa1,NO_HIT,,,,
IRIS_313-12121,Xa21,OK,7772.0,16.39,,
IRIS_313-12121,Xa3_Xa26,OK,8523.0,31.76,,
IRIS_313-12121,xa5,OK,11924.0,0.36,,
IRIS_313-12121,xa13_SWEET11,OK,8533.0,0.9,,
IRIS_313-12121,xa25_SWEET13,OK,8901.0,0.63,,
IRIS_313-12121,Xa27,OK,5780.0,53.43,,
IRIS_313-12127,Xa1,NO_HIT,,,,
IRIS_313-12127,Xa21,OK,7769.0,2.96,,
IRIS_313-12127,Xa3_Xa26,OK,163031.0,24.68,,
IRIS_313-12127,xa5,OK,11923.0,0.31,,
IRIS_313-12127,xa13_SWEET11,OK,8534.0,0.3,,
IRIS_313-12127,xa25_SWEET13,OK,8847.0,6.22,,
IRIS_313-12127,Xa27,OK,5779.0,52.54,,
IRIS_313-12128,Xa1,OK,27235.0,44.88,,
IRIS_313-12128,Xa21,OK,7788.0,3.24,,
IRIS_313-12128,Xa3_Xa26,OK,162397.0,86.74,,
IRIS_313-12128,xa5,OK,11917.0,0.27,,
IRIS_313-12128,xa13_SWEET11,OK,8544.0,1.35,,
IRIS_313-12128,xa25_SWEET13,OK,8852.0,6.63,,
IRIS_313-12128,Xa27,OK,5785.0,54.12,,
B011,Xa1,OK,27256.0,43.0,,
B011,Xa21,OK,7770.0,16.86,,
B011,Xa3_Xa26,NO_HIT,,,,
B011,xa5,OK,11928.0,0.38,,
B011,xa13_SWEET11,OK,8537.0,0.22,,
B011,xa25_SWEET13,OK,8849.0,2.73,,
B011,Xa27,OK,5782.0,51.04,,
B039,Xa1,OK,9116.0,4.07,,
B039,Xa21,OK,7770.0,4.72,,
B039,Xa3_Xa26,OK,8369.0,47.11,,
B039,xa5,OK,11917.0,1.12,,
B039,xa13_SWEET11,OK,8542.0,0.62,,
B039,xa25_SWEET13,OK,8900.0,2.78,,
B039,Xa27,NO_HIT,,,,
B040,Xa1,OK,9111.0,3.83,,
B040,Xa21,OK,7772.0,16.06,,
B040,Xa3_Xa26,NO_HIT,,,,
B040,xa5,OK,11923.0,0.71,,
B040,xa13_SWEET11,OK,8542.0,0.81,,
B040,xa25_SWEET13,OK,8842.0,6.36,,
B040,Xa27,NO_HIT,,,,
B097,Xa1,NO_HIT,,,,
B097,Xa21,OK,7772.0,15.84,,
B097,Xa3_Xa26,OK,8519.0,43.49,,
B097,xa5,OK,11917.0,0.31,,
B097,xa13_SWEET11,OK,8542.0,0.05,,
B097,xa25_SWEET13,OK,8848.0,8.09,,
B097,Xa27,OK,5779.0,51.5,,
B125,Xa1,OK,9077.0,1.71,,
B125,Xa21,OK,7769.0,3.89,,
B125,Xa3_Xa26,NO_HIT,,,,
B125,xa5,OK,11926.0,0.2,,
B125,xa13_SWEET11,OK,8540.0,2.18,,
B125,xa25_SWEET13,OK,8842.0,7.32,,
B125,Xa27,OK,5780.0,50.02,,
B229,Xa1,OK,27255.0,34.72,,
B229,Xa21,OK,6554.0,32.56,,
B229,Xa3_Xa26,OK,8518.0,28.61,,
B229,xa5,OK,11917.0,0.65,,
B229,xa13_SWEET11,OK,8537.0,1.46,,
B229,xa25_SWEET13,OK,8830.0,7.54,,
B229,Xa27,OK,5777.0,50.39,,
B253,Xa1,OK,9112.0,3.74,,
B253,Xa21,OK,7771.0,6.29,,
B253,Xa3_Xa26,OK,8511.0,33.63,,
B253,xa5,OK,11917.0,0.34,,
B253,xa13_SWEET11,OK,8538.0,0.15,,
B253,xa25_SWEET13,OK,8843.0,5.97,,
B253,Xa27,NO_HIT,,,,
B254,Xa1,OK,9116.0,3.7,,
B254,Xa21,OK,7769.0,6.68,,
B254,Xa3_Xa26,OK,8505.0,33.97,,
B254,xa5,OK,11917.0,0.93,,
B254,xa13_SWEET11,OK,8538.0,1.38,,
B254,xa25_SWEET13,OK,8848.0,10.66,,
B254,Xa27,NO_HIT,,,,
CX4,Xa1,OK,9117.0,3.17,,
CX4,Xa21,OK,7769.0,3.76,,
CX4,Xa3_Xa26,NO_HIT,,,,
CX4,xa5,OK,11919.0,1.08,,
CX4,xa13_SWEET11,OK,8554.0,0.98,,
CX4,xa25_SWEET13,OK,8888.0,5.99,,
CX4,Xa27,NO_HIT,,,,
CX117,Xa1,OK,9114.0,3.61,,
CX117,Xa21,OK,7772.0,17.4,,
CX117,Xa3_Xa26,NO_HIT,,,,
CX117,xa5,OK,11917.0,0.34,,
CX117,xa13_SWEET11,OK,8545.0,0.13,,
CX117,xa25_SWEET13,OK,8848.0,7.17,,
CX117,Xa27,NO_HIT,,,,
CX118,Xa1,OK,9091.0,2.39,,
CX118,Xa21,OK,7771.0,7.33,,
CX118,Xa3_Xa26,NO_HIT,,,,
CX118,xa5,OK,11916.0,0.25,,
CX118,xa13_SWEET11,OK,8538.0,0.66,,
CX118,xa25_SWEET13,OK,8847.0,7.4,,
CX118,Xa27,OK,5777.0,51.65,,
CX120,Xa1,NO_HIT,,,,
CX120,Xa21,OK,7769.0,3.49,,
CX120,Xa3_Xa26,NO_HIT,,,,
CX120,xa5,OK,11922.0,0.12,,
CX120,xa13_SWEET11,OK,8534.0,1.36,,
CX120,xa25_SWEET13,OK,8901.0,1.78,,
CX120,Xa27,NO_HIT,,,,
CX221,Xa1,OK,9119.0,4.22,,
CX221,Xa21,OK,7769.0,3.15,,
CX221,Xa3_Xa26,OK,8503.0,34.98,,
CX221,xa5,OK,11917.0,0.36,,
CX221,xa13_SWEET11,OK,8538.0,0.54,,
CX221,xa25_SWEET13,OK,8848.0,6.94,,
CX221,Xa27,NO_HIT,,,,
CX235,Xa1,OK,9116.0,0.65,,
CX235,Xa21,OK,7772.0,17.97,,
CX235,Xa3_Xa26,NO_HIT,,,,
CX235,xa5,OK,11917.0,0.34,,
CX235,xa13_SWEET11,OK,8541.0,1.38,,
CX235,xa25_SWEET13,OK,8901.0,1.08,,
CX235,Xa27,OK,5777.0,52.71,,
CX240,Xa1,OK,27049.0,25.05,,
CX240,Xa21,OK,7769.0,5.12,,
CX240,Xa3_Xa26,NO_HIT,,,,
CX240,xa5,OK,11921.0,0.97,,
CX240,xa13_SWEET11,OK,8537.0,6.54,,
CX240,xa25_SWEET13,OK,8873.0,4.38,,
CX240,Xa27,OK,5777.0,52.35,,
CX263,Xa1,OK,9093.0,5.52,,
CX263,Xa21,OK,7769.0,7.81,,
CX263,Xa3_Xa26,OK,8356.0,47.06,,
CX263,xa5,OK,11921.0,0.45,,
CX263,xa13_SWEET11,OK,8547.0,0.84,,
CX263,xa25_SWEET13,OK,8846.0,9.44,,
CX263,Xa27,NO_HIT,,,,
CX273,Xa1,NO_HIT,,,,
CX273,Xa21,OK,7769.0,5.61,,
CX273,Xa3_Xa26,OK,162965.0,86.05,,
CX273,xa5,OK,11917.0,0.39,,
CX273,xa13_SWEET11,OK,8546.0,0.41,,
CX273,xa25_SWEET13,OK,8848.0,6.67,,
CX273,Xa27,OK,5777.0,51.71,,
CX288,Xa1,OK,9104.0,1.3,,
CX288,Xa21,OK,7769.0,2.77,,
CX288,Xa3_Xa26,OK,163074.0,84.36,,
CX288,xa5,OK,11917.0,0.57,,
CX288,xa13_SWEET11,OK,8554.0,0.49,,
CX288,xa25_SWEET13,OK,8847.0,5.96,,
CX288,Xa27,OK,5777.0,53.47,,
CX303,Xa1,OK,9103.0,2.0,,
CX303,Xa21,OK,7769.0,6.2,,
CX303,Xa3_Xa26,NO_HIT,,,,
CX303,xa5,OK,11917.0,0.42,,
CX303,xa13_SWEET11,OK,8531.0,1.32,,
CX303,xa25_SWEET13,OK,8854.0,6.86,,
CX303,Xa27,OK,5776.0,52.96,,
CX542,Xa1,OK,9117.0,2.68,,
CX542,Xa21,OK,7770.0,7.92,,
CX542,Xa3_Xa26,NO_HIT,,,,
CX542,xa5,OK,11924.0,1.01,,
CX542,xa13_SWEET11,OK,8538.0,0.95,,
CX542,xa25_SWEET13,OK,8869.0,5.28,,
CX542,Xa27,OK,5778.0,50.9,,
IRIS_313-8341,Xa1,OK,27268.0,42.36,,
IRIS_313-8341,Xa21,OK,7788.0,3.18,,
IRIS_313-8341,Xa3_Xa26,NO_HIT,,,,
IRIS_313-8341,xa5,OK,11917.0,0.45,,
IRIS_313-8341,xa13_SWEET11,OK,8534.0,0.23,,
IRIS_313-8341,xa25_SWEET13,OK,8850.0,5.93,,
IRIS_313-8341,Xa27,NO_HIT,,,,
IRIS_313-8386,Xa1,OK,27282.0,27.56,,
IRIS_313-8386,Xa21,OK,7772.0,16.88,,
IRIS_313-8386,Xa3_Xa26,OK,8465.0,30.05,,
IRIS_313-8386,xa5,OK,11914.0,0.4,,
IRIS_313-8386,xa13_SWEET11,OK,8534.0,0.11,,
IRIS_313-8386,xa25_SWEET13,OK,8855.0,5.16,,
IRIS_313-8386,Xa27,OK,5779.0,52.14,,
IRIS_313-8453,Xa1,NO_HIT,,,,
IRIS_313-8453,Xa21,OK,7769.0,5.87,,
IRIS_313-8453,Xa3_Xa26,OK,160071.0,70.13,,
IRIS_313-8453,xa5,OK,11917.0,0.26,,
IRIS_313-8453,xa13_SWEET11,OK,8543.0,0.02,,
IRIS_313-8453,xa25_SWEET13,OK,8901.0,0.55,,
IRIS_313-8453,Xa27,OK,5778.0,51.02,,
IRIS_313-8986,Xa1,OK,27275.0,39.23,,
IRIS_313-8986,Xa21,OK,7769.0,2.93,,
IRIS_313-8986,Xa3_Xa26,OK,8516.0,43.37,,
IRIS_313-8986,xa5,OK,11923.0,0.05,,
IRIS_313-8986,xa13_SWEET11,OK,8541.0,0.08,,
IRIS_313-8986,xa25_SWEET13,OK,8826.0,5.64,,
IRIS_313-8986,Xa27,OK,5774.0,51.97,,
IRIS_313-9023,Xa1,NO_HIT,,,,
IRIS_313-9023,Xa21,OK,7772.0,15.58,,
IRIS_313-9023,Xa3_Xa26,NO_HIT,,,,
IRIS_313-9023,xa5,OK,11917.0,0.35,,
IRIS_313-9023,xa13_SWEET11,OK,8546.0,0.05,,
IRIS_313-9023,xa25_SWEET13,OK,8887.0,1.23,,
IRIS_313-9023,Xa27,OK,5778.0,52.08,,
IRIS_313-9602,Xa1,OK,27258.0,38.95,,
IRIS_313-9602,Xa21,OK,7769.0,2.36,,
IRIS_313-9602,Xa3_Xa26,NO_HIT,,,,
IRIS_313-9602,xa5,OK,11926.0,0.32,,
IRIS_313-9602,xa13_SWEET11,OK,8534.0,0.18,,
IRIS_313-9602,xa25_SWEET13,OK,8847.0,6.14,,
IRIS_313-9602,Xa27,OK,5777.0,52.05,,
IRIS_313-10177,Xa1,OK,27247.0,54.43,,
IRIS_313-10177,Xa21,OK,7772.0,15.77,,
IRIS_313-10177,Xa3_Xa26,OK,160071.0,65.76,,
IRIS_313-10177,xa5,OK,11921.0,0.06,,
IRIS_313-10177,xa13_SWEET11,OK,8541.0,0.08,,
IRIS_313-10177,xa25_SWEET13,OK,8901.0,0.64,,
IRIS_313-10177,Xa27,OK,5779.0,48.92,,
IRIS_313-10235,Xa1,NO_HIT,,,,
IRIS_313-10235,Xa21,OK,7774.0,15.5,,
IRIS_313-10235,Xa3_Xa26,NO_HIT,,,,
IRIS_313-10235,xa5,OK,11921.0,0.3,,
IRIS_313-10235,xa13_SWEET11,OK,8546.0,0.06,,
IRIS_313-10235,xa25_SWEET13,OK,8850.0,5.38,,
IRIS_313-10235,Xa27,OK,5778.0,51.92,,
IRIS_313-10301,Xa1,OK,9117.0,0.7,,
IRIS_313-10301,Xa21,OK,7774.0,3.37,,
IRIS_313-10301,Xa3_Xa26,NO_HIT,,,,
IRIS_313-10301,xa5,OK,11917.0,0.33,,
IRIS_313-10301,xa13_SWEET11,OK,8538.0,0.13,,
IRIS_313-10301,xa25_SWEET13,OK,8850.0,5.15,,
IRIS_313-10301,Xa27,OK,5777.0,53.3,,
IRIS_313-10337,Xa1,NO_HIT,,,,
IRIS_313-10337,Xa21,OK,7769.0,2.64,,
IRIS_313-10337,Xa3_Xa26,OK,8469.0,36.25,,
IRIS_313-10337,xa5,OK,11920.0,0.3,,
IRIS_313-10337,xa13_SWEET11,OK,8541.0,0.29,,
IRIS_313-10337,xa25_SWEET13,OK,8850.0,6.11,,
IRIS_313-10337,Xa27,NO_HIT,,,,
IRIS_313-10609,Xa1,NO_HIT,,,,
IRIS_313-10609,Xa21,OK,7772.0,2.53,,
IRIS_313-10609,Xa3_Xa26,NO_HIT,,,,
IRIS_313-10609,xa5,OK,11917.0,0.26,,
IRIS_313-10609,xa13_SWEET11,OK,8548.0,0.06,,
IRIS_313-10609,xa25_SWEET13,OK,8901.0,0.43,,
IRIS_313-10609,Xa27,OK,5782.0,50.92,,
IRIS_313-10614,Xa1,OK,27279.0,29.8,,
IRIS_313-10614,Xa21,NO_HIT,,,,
IRIS_313-10614,Xa3_Xa26,NO_HIT,,,,
IRIS_313-10614,xa5,OK,11917.0,2.37,,
IRIS_313-10614,xa13_SWEET11,OK,8266.0,11.65,,
IRIS_313-10614,xa25_SWEET13,OK,8899.0,10.82,,
IRIS_313-10614,Xa27,OK,5775.0,53.9,,
IRIS_313-10725,Xa1,OK,27240.0,61.07,,
IRIS_313-10725,Xa21,OK,7774.0,2.84,,
IRIS_313-10725,Xa3_Xa26,OK,163129.0,83.98,,
IRIS_313-10725,xa5,OK,11920.0,0.41,,
IRIS_313-10725,xa13_SWEET11,OK,8541.0,0.05,,
IRIS_313-10725,xa25_SWEET13,OK,8901.0,0.42,,
IRIS_313-10725,Xa27,OK,5777.0,51.39,,
IRIS_313-10847,Xa1,OK,27285.0,37.92,,
IRIS_313-10847,Xa21,OK,7772.0,16.1,,
IRIS_313-10847,Xa3_Xa26,NO_HIT,,,,
IRIS_313-10847,xa5,OK,11923.0,0.35,,
IRIS_313-10847,xa13_SWEET11,OK,8537.0,0.14,,
IRIS_313-10847,xa25_SWEET13,OK,8901.0,1.4,,
IRIS_313-10847,Xa27,OK,5778.0,51.57,,
IRIS_313-10858,Xa1,NO_HIT,,,,
IRIS_313-10858,Xa21,OK,7770.0,16.62,,
IRIS_313-10858,Xa3_Xa26,OK,8519.0,25.77,,
IRIS_313-10858,xa5,OK,11919.0,0.03,,
IRIS_313-10858,xa13_SWEET11,OK,8537.0,0.09,,
IRIS_313-10858,xa25_SWEET13,OK,8901.0,0.45,,
IRIS_313-10858,Xa27,OK,5789.0,49.9,,
IRIS_313-10859,Xa1,OK,27286.0,39.12,,
IRIS_313-10859,Xa21,OK,7774.0,1.87,,
IRIS_313-10859,Xa3_Xa26,OK,8518.0,42.42,,
IRIS_313-10859,xa5,OK,11919.0,0.06,,
IRIS_313-10859,xa13_SWEET11,OK,8536.0,0.02,,
IRIS_313-10859,xa25_SWEET13,OK,8850.0,5.94,,
IRIS_313-10859,Xa27,OK,5781.0,52.0,,
IRIS_313-11239,Xa1,NO_HIT,,,,
IRIS_313-11239,Xa21,OK,7769.0,2.34,,
IRIS_313-11239,Xa3_Xa26,NO_HIT,,,,
IRIS_313-11239,xa5,OK,11923.0,0.34,,
IRIS_313-11239,xa13_SWEET11,OK,8541.0,0.12,,
IRIS_313-11239,xa25_SWEET13,OK,8838.0,5.1,,
IRIS_313-11239,Xa27,OK,5777.0,51.96,,
IRIS_313-11240,Xa1,OK,27263.0,40.68,,
IRIS_313-11240,Xa21,OK,7772.0,2.84,,
IRIS_313-11240,Xa3_Xa26,NO_HIT,,,,
IRIS_313-11240,xa5,OK,11921.0,8.93,,
IRIS_313-11240,xa13_SWEET11,OK,8538.0,3.27,,
IRIS_313-11240,xa25_SWEET13,OK,8848.0,5.93,,
IRIS_313-11240,Xa27,NO_HIT,,,,
IRIS_313-11245,Xa1,OK,9104.0,0.59,,
IRIS_313-11245,Xa21,OK,7769.0,2.52,,
IRIS_313-11245,Xa3_Xa26,NO_HIT,,,,
IRIS_313-11245,xa5,OK,11922.0,0.13,,
IRIS_313-11245,xa13_SWEET11,OK,8540.0,0.11,,
IRIS_313-11245,xa25_SWEET13,OK,8842.0,5.34,,
IRIS_313-11245,Xa27,OK,5777.0,51.46,,
IRIS_313-11256,Xa1,OK,27247.0,35.44,,
IRIS_313-11256,Xa21,OK,7769.0,3.89,,
IRIS_313-11256,Xa3_Xa26,OK,8528.0,44.37,,
IRIS_313-11256,xa5,OK,11922.0,0.18,,
IRIS_313-11256,xa13_SWEET11,OK,8530.0,0.08,,
IRIS_313-11256,xa25_SWEET13,OK,8901.0,0.51,,
IRIS_313-11256,Xa27,OK,5777.0,51.1,,
IRIS_313-11260,Xa1,NO_HIT,,,,
IRIS_313-11260,Xa21,OK,7788.0,3.12,,
IRIS_313-11260,Xa3_Xa26,OK,8500.0,31.81,,
IRIS_313-11260,xa5,OK,11917.0,0.34,,
IRIS_313-11260,xa13_SWEET11,OK,8549.0,0.42,,
IRIS_313-11260,xa25_SWEET13,OK,8896.0,2.11,,
IRIS_313-11260,Xa27,NO_HIT,,,,
IRIS_313-11266,Xa1,OK,27254.0,35.65,,
IRIS_313-11266,Xa21,OK,7774.0,15.22,,
IRIS_313-11266,Xa3_Xa26,NO_HIT,,,,
IRIS_313-11266,xa5,OK,11923.0,0.3,,
IRIS_313-11266,xa13_SWEET11,OK,8548.0,0.27,,
IRIS_313-11266,xa25_SWEET13,OK,8843.0,5.76,,
IRIS_313-11266,Xa27,OK,5782.0,52.01,,
IRIS_313-11269,Xa1,NO_HIT,,,,
IRIS_313-11269,Xa21,OK,7788.0,2.94,,
IRIS_313-11269,Xa3_Xa26,OK,8444.0,34.53,,
IRIS_313-11269,xa5,OK,11920.0,0.89,,
IRIS_313-11269,xa13_SWEET11,OK,8552.0,0.64,,
IRIS_313-11269,xa25_SWEET13,OK,8889.0,6.3,,
IRIS_313-11269,Xa27,NO_HIT,,,,
IRIS_313-11273,Xa1,NO_HIT,,,,
IRIS_313-11273,Xa21,OK,7788.0,2.41,,
IRIS_313-11273,Xa3_Xa26,OK,8470.0,33.75,,
IRIS_313-11273,xa5,OK,11922.0,0.04,,
IRIS_313-11273,xa13_SWEET11,OK,8530.0,0.08,,
IRIS_313-11273,xa25_SWEET13,OK,8901.0,0.64,,
IRIS_313-11273,Xa27,OK,5778.0,51.14,,
IRIS_313-11279,Xa1,OK,9117.0,6.07,,
IRIS_313-11279,Xa21,OK,7770.0,3.1,,
IRIS_313-11279,Xa3_Xa26,OK,8505.0,31.95,,
IRIS_313-11279,xa5,OK,11900.0,0.04,,
IRIS_313-11279,xa13_SWEET11,OK,8548.0,0.56,,
IRIS_313-11279,xa25_SWEET13,OK,8897.0,2.26,,
IRIS_313-11279,Xa27,NO_HIT,,,,
IRIS_313-11338,Xa1,OK,27048.0,19.13,,
IRIS_313-11338,Xa21,OK,7788.0,2.04,,
IRIS_313-11338,Xa3_Xa26,OK,8499.0,35.25,,
IRIS_313-11338,xa5,OK,11917.0,0.76,,
IRIS_313-11338,xa13_SWEET11,OK,8537.0,0.4,,
IRIS_313-11338,xa25_SWEET13,OK,8906.0,7.65,,
IRIS_313-11338,Xa27,OK,5783.0,50.03,,
IRIS_313-11345,Xa1,NO_HIT,,,,
IRIS_313-11345,Xa21,OK,7788.0,2.07,,
IRIS_313-11345,Xa3_Xa26,OK,8506.0,34.62,,
IRIS_313-11345,xa5,OK,11917.0,0.35,,
IRIS_313-11345,xa13_SWEET11,OK,8537.0,0.2,,
IRIS_313-11345,xa25_SWEET13,OK,8842.0,6.71,,
IRIS_313-11345,Xa27,OK,5777.0,52.88,,
IRIS_313-11493,Xa1,NO_HIT,,,,
IRIS_313-11493,Xa21,OK,7770.0,16.99,,
IRIS_313-11493,Xa3_Xa26,OK,8380.0,47.05,,
IRIS_313-11493,xa5,OK,11921.0,0.0,,
IRIS_313-11493,xa13_SWEET11,OK,8537.0,0.22,,
IRIS_313-11493,xa25_SWEET13,OK,8901.0,0.81,,
IRIS_313-11493,Xa27,OK,5782.0,52.13,,
IRIS_313-11516,Xa1,NO_HIT,,,,
IRIS_313-11516,Xa21,OK,7769.0,3.75,,
IRIS_313-11516,Xa3_Xa26,NO_HIT,,,,
IRIS_313-11516,xa5,OK,11917.0,0.38,,
IRIS_313-11516,xa13_SWEET11,OK,8537.0,0.09,,
IRIS_313-11516,xa25_SWEET13,OK,8901.0,1.07,,
IRIS_313-11516,Xa27,OK,5777.0,51.05,,
IRIS_313-11656,Xa1,OK,27250.0,40.63,,
IRIS_313-11656,Xa21,OK,7769.0,2.66,,
IRIS_313-11656,Xa3_Xa26,OK,8527.0,31.84,,
IRIS_313-11656,xa5,OK,11921.0,0.34,,
IRIS_313-11656,xa13_SWEET11,OK,8541.0,0.08,,
IRIS_313-11656,xa25_SWEET13,OK,8847.0,4.93,,
IRIS_313-11656,Xa27,OK,5775.0,50.84,,
IRIS_313-11664,Xa1,OK,27297.0,41.5,,
IRIS_313-11664,Xa21,OK,7771.0,15.93,,
IRIS_313-11664,Xa3_Xa26,OK,8382.0,45.49,,
IRIS_313-11664,xa5,OK,11917.0,0.3,,
IRIS_313-11664,xa13_SWEET11,OK,8538.0,0.07,,
IRIS_313-11664,xa25_SWEET13,OK,8847.0,4.28,,
IRIS_313-11664,Xa27,NO_HIT,,,,
IRIS_313-11693,Xa1,OK,27268.0,34.7,,
IRIS_313-11693,Xa21,OK,7772.0,18.28,,
IRIS_313-11693,Xa3_Xa26,NO_HIT,,,,
IRIS_313-11693,xa5,OK,11919.0,0.03,,
IRIS_313-11693,xa13_SWEET11,OK,8537.0,1.01,,
IRIS_313-11693,xa25_SWEET13,OK,8896.0,1.55,,
IRIS_313-11693,Xa27,OK,5778.0,52.02,,
IRIS_313-11722,Xa1,OK,27258.0,49.25,,
IRIS_313-11722,Xa21,OK,7770.0,15.82,,
IRIS_313-11722,Xa3_Xa26,OK,8486.0,33.44,,
IRIS_313-11722,xa5,OK,11922.0,0.08,,
IRIS_313-11722,xa13_SWEET11,OK,8538.0,0.11,,
IRIS_313-11722,xa25_SWEET13,OK,8844.0,5.29,,
IRIS_313-11722,Xa27,OK,5784.0,51.09,,
IRIS_313-11730,Xa1,OK,9116.0,0.98,,
IRIS_313-11730,Xa21,OK,7769.0,2.29,,
IRIS_313-11730,Xa3_Xa26,NO_HIT,,,,
IRIS_313-11730,xa5,OK,11917.0,0.34,,
IRIS_313-11730,xa13_SWEET11,OK,8542.0,0.09,,
IRIS_313-11730,xa25_SWEET13,OK,8847.0,4.97,,
IRIS_313-11730,Xa27,NO_HIT,,,,
IRIS_313-11731,Xa1,OK,9105.0,0.44,,
IRIS_313-11731,Xa21,OK,7791.0,0.5,,
IRIS_313-11731,Xa3_Xa26,NO_HIT,,,,
IRIS_313-11731,xa5,OK,11917.0,0.3,,
IRIS_313-11731,xa13_SWEET11,OK,8552.0,0.12,,
IRIS_313-11731,xa25_SWEET13,OK,8887.0,0.71,,
IRIS_313-11731,Xa27,OK,5782.0,50.35,,
IRIS_313-11740,Xa1,NO_HIT,,,,
IRIS_313-11740,Xa21,OK,7788.0,2.29,,
IRIS_313-11740,Xa3_Xa26,OK,8501.0,34.41,,
IRIS_313-11740,xa5,OK,11917.0,0.31,,
IRIS_313-11740,xa13_SWEET11,OK,8547.0,0.15,,
IRIS_313-11740,xa25_SWEET13,OK,8850.0,5.65,,
IRIS_313-11740,Xa27,OK,5781.0,50.41,,
IRIS_313-11744,Xa1,OK,27245.0,45.37,,
IRIS_313-11744,Xa21,OK,7772.0,16.41,,
IRIS_313-11744,Xa3_Xa26,OK,8518.0,27.78,,
IRIS_313-11744,xa5,OK,11919.0,0.04,,
IRIS_313-11744,xa13_SWEET11,OK,8541.0,0.11,,
IRIS_313-11744,xa25_SWEET13,OK,8901.0,0.54,,
IRIS_313-11744,Xa27,OK,5780.0,51.11,,
IRIS_313-11747,Xa1,OK,9102.0,3.57,,
IRIS_313-11747,Xa21,OK,7772.0,16.16,,
IRIS_313-11747,Xa3_Xa26,NO_HIT,,,,
IRIS_313-11747,xa5,OK,11917.0,0.32,,
IRIS_313-11747,xa13_SWEET11,OK,8546.0,0.09,,
IRIS_313-11747,xa25_SWEET13,OK,8849.0,4.9,,
IRIS_313-11747,Xa27,OK,5777.0,51.2,,
IRIS_313-11748,Xa1,NO_HIT,,,,
IRIS_313-11748,Xa21,NO_HIT,,,,
IRIS_313-11748,Xa3_Xa26,OK,8495.0,35.96,,
IRIS_313-11748,xa5,OK,11917.0,0.3,,
IRIS_313-11748,xa13_SWEET11,OK,8534.0,0.2,,
IRIS_313-11748,xa25_SWEET13,OK,8848.0,4.8,,
IRIS_313-11748,Xa27,OK,5783.0,50.11,,
IRIS_313-11750,Xa1,OK,9104.0,4.1,,
IRIS_313-11750,Xa21,OK,7772.0,16.31,,
IRIS_313-11750,Xa3_Xa26,NO_HIT,,,,
IRIS_313-11750,xa5,OK,11921.0,0.31,,
IRIS_313-11750,xa13_SWEET11,OK,8537.0,0.12,,
IRIS_313-11750,xa25_SWEET13,OK,8856.0,5.33,,
IRIS_313-11750,Xa27,OK,5783.0,51.58,,
IRIS_313-11751,Xa1,OK,27266.0,37.2,,
IRIS_313-11751,Xa21,OK,7772.0,16.29,,
IRIS_313-11751,Xa3_Xa26,NO_HIT,,,,
IRIS_313-11751,xa5,OK,11917.0,0.3,,
IRIS_313-11751,xa13_SWEET11,OK,8540.0,0.26,,
IRIS_313-11751,xa25_SWEET13,OK,8879.0,6.99,,
IRIS_313-11751,Xa27,OK,5783.0,51.67,,
IRIS_313-11763,Xa1,OK,9100.0,0.95,,
IRIS_313-11763,Xa21,OK,7769.0,2.61,,
IRIS_313-11763,Xa3_Xa26,NO_HIT,,,,
IRIS_313-11763,xa5,OK,11917.0,0.36,,
IRIS_313-11763,xa13_SWEET11,OK,8545.0,0.32,,
IRIS_313-11763,xa25_SWEET13,OK,8901.0,0.24,,
IRIS_313-11763,Xa27,OK,5777.0,51.08,,
IRIS_313-11801,Xa1,OK,27261.0,37.14,,
IRIS_313-11801,Xa21,OK,7772.0,15.89,,
IRIS_313-11801,Xa3_Xa26,NO_HIT,,,,
IRIS_313-11801,xa5,OK,11922.0,0.0,,
IRIS_313-11801,xa13_SWEET11,OK,8538.0,0.09,,
IRIS_313-11801,xa25_SWEET13,OK,8847.0,4.87,,
IRIS_313-11801,Xa27,NO_HIT,,,,
IRIS_313-11807,Xa1,OK,9116.0,0.37,,
IRIS_313-11807,Xa21,OK,7772.0,16.06,,
IRIS_313-11807,Xa3_Xa26,OK,163142.0,84.91,,
IRIS_313-11807,xa5,OK,11921.0,0.36,,
IRIS_313-11807,xa13_SWEET11,OK,8551.0,0.04,,
IRIS_313-11807,xa25_SWEET13,OK,8887.0,0.74,,
IRIS_313-11807,Xa27,OK,5777.0,50.7,,
IRIS_313-11835,Xa1,OK,9119.0,3.47,,
IRIS_313-11835,Xa21,OK,7770.0,14.9,,
IRIS_313-11835,Xa3_Xa26,NO_HIT,,,,
IRIS_313-11835,xa5,OK,11921.0,0.38,,
IRIS_313-11835,xa13_SWEET11,OK,8537.0,0.67,,
IRIS_313-11835,xa25_SWEET13,OK,8847.0,5.48,,
IRIS_313-11835,Xa27,NO_HIT,,,,
IRIS_313-12355,Xa1,OK,27272.0,46.85,,
IRIS_313-12355,Xa21,OK,7769.0,2.21,,
IRIS_313-12355,Xa3_Xa26,NO_HIT,,,,
IRIS_313-12355,xa5,OK,11917.0,0.34,,
IRIS_313-12355,xa13_SWEET11,OK,8542.0,0.39,,
IRIS_313-12355,xa25_SWEET13,OK,8856.0,5.79,,
IRIS_313-12355,Xa27,OK,5776.0,51.44,,
B001,Xa1,OK,9117.0,1.05,,
B001,Xa21,OK,7791.0,0.56,,
B001,Xa3_Xa26,OK,8517.0,5.32,,
B001,xa5,OK,11926.0,0.12,,
B001,xa13_SWEET11,OK,8553.0,0.2,,
B001,xa25_SWEET13,OK,8899.0,1.17,,
B001,Xa27,NO_HIT,,,,
B004,Xa1,OK,9117.0,0.08,,
B004,Xa21,OK,7791.0,1.49,,
B004,Xa3_Xa26,NO_HIT,,,,
B004,xa5,OK,11926.0,0.13,,
B004,xa13_SWEET11,OK,8553.0,0.0,,
B004,xa25_SWEET13,OK,8865.0,1.21,,
B004,Xa27,NO_HIT,,,,
B016,Xa1,OK,9117.0,1.55,,
B016,Xa21,OK,7789.0,1.96,,
B016,Xa3_Xa26,OK,10672.0,15.15,,
B016,xa5,OK,11923.0,0.0,,
B016,xa13_SWEET11,OK,8553.0,0.74,,
B016,xa25_SWEET13,OK,8850.0,2.81,,
B016,Xa27,NO_HIT,,,,
B045,Xa1,OK,9117.0,1.31,,
B045,Xa21,OK,7791.0,1.91,,
B045,Xa3_Xa26,OK,160162.0,66.62,,
B045,xa5,OK,11926.0,0.04,,
B045,xa13_SWEET11,OK,8553.0,0.02,,
B045,xa25_SWEET13,OK,8851.0,2.77,,
B045,Xa27,NO_HIT,,,,
B046,Xa1,OK,9117.0,1.8,,
B046,Xa21,OK,7791.0,2.63,,
B046,Xa3_Xa26,NO_HIT,,,,
B046,xa5,OK,11926.0,0.03,,
B046,xa13_SWEET11,OK,8553.0,0.07,,
B046,xa25_SWEET13,OK,8854.0,2.07,,
B046,Xa27,NO_HIT,,,,
B160,Xa1,OK,9117.0,0.01,,
B160,Xa21,OK,7791.0,3.97,,
B160,Xa3_Xa26,NO_HIT,,,,
B160,xa5,OK,11926.0,0.75,,
B160,xa13_SWEET11,OK,8553.0,1.22,,
B160,xa25_SWEET13,OK,8853.0,6.2,,
B160,Xa27,NO_HIT,,,,
B162,Xa1,OK,9117.0,0.44,,
B162,Xa21,OK,7791.0,4.11,,
B162,Xa3_Xa26,OK,10644.0,18.64,,
B162,xa5,OK,11919.0,0.53,,
B162,xa13_SWEET11,OK,8553.0,0.69,,
B162,xa25_SWEET13,OK,8867.0,3.87,,
B162,Xa27,NO_HIT,,,,
B167,Xa1,OK,9117.0,0.32,,
B167,Xa21,OK,7791.0,7.19,,
B167,Xa3_Xa26,NO_HIT,,,,
B167,xa5,OK,11926.0,0.8,,
B167,xa13_SWEET11,OK,8553.0,2.33,,
B167,xa25_SWEET13,OK,8847.0,6.78,,
B167,Xa27,NO_HIT,,,,
B182,Xa1,OK,9117.0,0.44,,
B182,Xa21,OK,7791.0,3.18,,
B182,Xa3_Xa26,NO_HIT,,,,
B182,xa5,OK,11926.0,0.47,,
B182,xa13_SWEET11,OK,8553.0,0.67,,
B182,xa25_SWEET13,OK,8818.0,5.27,,
B182,Xa27,NO_HIT,,,,
B183,Xa1,OK,9117.0,0.8,,
B183,Xa21,OK,7791.0,1.48,,
B183,Xa3_Xa26,NO_HIT,,,,
B183,xa5,OK,11926.0,0.04,,
B183,xa13_SWEET11,OK,8553.0,0.46,,
B183,xa25_SWEET13,OK,8899.0,2.92,,
B183,Xa27,NO_HIT,,,,
B204,Xa1,OK,9117.0,0.91,,
B204,Xa21,OK,7791.0,1.73,,
B204,Xa3_Xa26,OK,10664.0,16.81,,
B204,xa5,OK,11923.0,0.0,,
B204,xa13_SWEET11,OK,8553.0,0.0,,
B204,xa25_SWEET13,OK,8891.0,2.17,,
B204,Xa27,NO_HIT,,,,
B226,Xa1,OK,9117.0,0.76,,
B226,Xa21,OK,7791.0,2.14,,
B226,Xa3_Xa26,NO_HIT,,,,
B226,xa5,OK,11926.0,0.0,,
B226,xa13_SWEET11,OK,8553.0,0.23,,
B226,xa25_SWEET13,OK,8878.0,3.44,,
B226,Xa27,NO_HIT,,,,
B250,Xa1,OK,9117.0,0.65,,
B250,Xa21,OK,7791.0,1.18,,
B250,Xa3_Xa26,NO_HIT,,,,
B250,xa5,OK,11926.0,0.03,,
B250,xa13_SWEET11,OK,8553.0,0.32,,
B250,xa25_SWEET13,OK,8899.0,1.09,,
B250,Xa27,NO_HIT,,,,
CX140,Xa1,OK,9117.0,1.29,,
CX140,Xa21,OK,7791.0,1.54,,
CX140,Xa3_Xa26,OK,8517.0,7.31,,
CX140,xa5,OK,11926.0,0.03,,
CX140,xa13_SWEET11,OK,8553.0,0.0,,
CX140,xa25_SWEET13,OK,8899.0,4.28,,
CX140,Xa27,NO_HIT,,,,
CX317,Xa1,OK,9117.0,0.78,,
CX317,Xa21,OK,7769.0,3.78,,
CX317,Xa3_Xa26,OK,8505.0,35.27,,
CX317,xa5,OK,11926.0,0.02,,
CX317,xa13_SWEET11,OK,8542.0,0.7,,
CX317,xa25_SWEET13,OK,8899.0,3.4,,
CX317,Xa27,NO_HIT,,,,
CX344,Xa1,OK,9117.0,0.91,,
CX344,Xa21,OK,7789.0,2.5,,
CX344,Xa3_Xa26,NO_HIT,,,,
CX344,xa5,OK,11926.0,0.55,,
CX344,xa13_SWEET11,OK,8553.0,0.04,,
CX344,xa25_SWEET13,OK,8831.0,1.65,,
CX344,Xa27,NO_HIT,,,,
CX383,Xa1,OK,9117.0,1.14,,
CX383,Xa21,OK,7785.0,6.45,,
CX383,Xa3_Xa26,OK,8517.0,11.92,,
CX383,xa5,OK,11926.0,0.86,,
CX383,xa13_SWEET11,OK,8553.0,1.15,,
CX383,xa25_SWEET13,OK,8862.0,3.13,,
CX383,Xa27,NO_HIT,,,,
CX389,Xa1,OK,9117.0,0.38,,
CX389,Xa21,OK,7769.0,2.99,,
CX389,Xa3_Xa26,NO_HIT,,,,
CX389,xa5,OK,11926.0,0.08,,
CX389,xa13_SWEET11,OK,8553.0,0.32,,
CX389,xa25_SWEET13,OK,8899.0,1.4,,
CX389,Xa27,NO_HIT,,,,
IRIS_313-8125,Xa1,OK,9117.0,1.05,,
IRIS_313-8125,Xa21,OK,7791.0,1.18,,
IRIS_313-8125,Xa3_Xa26,NO_HIT,,,,
IRIS_313-8125,xa5,OK,11926.0,0.03,,
IRIS_313-8125,xa13_SWEET11,OK,8553.0,0.39,,
IRIS_313-8125,xa25_SWEET13,OK,8892.0,5.13,,
IRIS_313-8125,Xa27,NO_HIT,,,,
IRIS_313-8755,Xa1,OK,9117.0,2.83,,
IRIS_313-8755,Xa21,OK,7791.0,1.03,,
IRIS_313-8755,Xa3_Xa26,NO_HIT,,,,
IRIS_313-8755,xa5,OK,11926.0,0.04,,
IRIS_313-8755,xa13_SWEET11,OK,8553.0,0.0,,
IRIS_313-8755,xa25_SWEET13,OK,8899.0,1.29,,
IRIS_313-8755,Xa27,NO_HIT,,,,
IRIS_313-10097,Xa1,OK,9117.0,0.52,,
IRIS_313-10097,Xa21,OK,7790.0,1.41,,
IRIS_313-10097,Xa3_Xa26,OK,160171.0,65.79,,
IRIS_313-10097,xa5,OK,11926.0,0.0,,
IRIS_313-10097,xa13_SWEET11,OK,8553.0,0.01,,
IRIS_313-10097,xa25_SWEET13,OK,8880.0,0.15,,
IRIS_313-10097,Xa27,NO_HIT,,,,
IRIS_313-10642,Xa1,OK,9117.0,1.56,,
IRIS_313-10642,Xa21,OK,7791.0,8.88,,
IRIS_313-10642,Xa3_Xa26,OK,8517.0,6.29,,
IRIS_313-10642,xa5,OK,11926.0,1.46,,
IRIS_313-10642,xa13_SWEET11,OK,8553.0,8.34,,
IRIS_313-10642,xa25_SWEET13,OK,8447.0,13.71,,
IRIS_313-10642,Xa27,NO_HIT,,,,
IRIS_313-11202,Xa1,OK,9104.0,12.63,,
IRIS_313-11202,Xa21,OK,7790.0,1.53,,
IRIS_313-11202,Xa3_Xa26,NO_HIT,,,,
IRIS_313-11202,xa5,OK,11926.0,0.0,,
IRIS_313-11202,xa13_SWEET11,OK,8553.0,0.01,,
IRIS_313-11202,xa25_SWEET13,OK,8899.0,2.2,,
IRIS_313-11202,Xa27,NO_HIT,,,,
IRIS_313-11651,Xa1,OK,9117.0,0.64,,
IRIS_313-11651,Xa21,OK,7784.0,0.85,,
IRIS_313-11651,Xa3_Xa26,NO_HIT,,,,
IRIS_313-11651,xa5,OK,11919.0,0.04,,
IRIS_313-11651,xa13_SWEET11,OK,8553.0,0.0,,
IRIS_313-11651,xa25_SWEET13,OK,8899.0,0.63,,
IRIS_313-11651,Xa27,NO_HIT,,,,
IRIS_313-11652,Xa1,OK,9117.0,0.34,,
IRIS_313-11652,Xa21,OK,7791.0,0.9,,
IRIS_313-11652,Xa3_Xa26,OK,8529.0,45.98,,
IRIS_313-11652,xa5,OK,11919.0,0.03,,
IRIS_313-11652,xa13_SWEET11,OK,8553.0,0.02,,
IRIS_313-11652,xa25_SWEET13,OK,8899.0,0.51,,
IRIS_313-11652,Xa27,NO_HIT,,,,
IRIS_313-11655,Xa1,OK,9117.0,0.58,,
IRIS_313-11655,Xa21,OK,7790.0,1.86,,
IRIS_313-11655,Xa3_Xa26,NO_HIT,,,,
IRIS_313-11655,xa5,OK,11923.0,0.0,,
IRIS_313-11655,xa13_SWEET11,OK,8548.0,1.87,,
IRIS_313-11655,xa25_SWEET13,OK,8880.0,5.06,,
IRIS_313-11655,Xa27,NO_HIT,,,,
IRIS_313-11725,Xa1,OK,9117.0,0.03,,
IRIS_313-11725,Xa21,OK,7791.0,0.41,,
IRIS_313-11725,Xa3_Xa26,NO_HIT,,,,
IRIS_313-11725,xa5,OK,11926.0,0.02,,
IRIS_313-11725,xa13_SWEET11,OK,8553.0,0.0,,
IRIS_313-11725,xa25_SWEET13,OK,8899.0,0.93,,
IRIS_313-11725,Xa27,NO_HIT,,,,
IRIS_313-11691,Xa1,NO_HIT,,,,
IRIS_313-11691,Xa21,OK,7791.0,1.84,,
IRIS_313-11691,Xa3_Xa26,NO_HIT,,,,
IRIS_313-11691,xa5,OK,11924.0,0.0,,
IRIS_313-11691,xa13_SWEET11,OK,8553.0,0.0,,
IRIS_313-11691,xa25_SWEET13,OK,8880.0,0.64,,
IRIS_313-11691,Xa27,NO_HIT,,,,
IRIS_313-11900,Xa1,OK,9093.0,2.52,,
IRIS_313-11900,Xa21,OK,7789.0,0.39,,
IRIS_313-11900,Xa3_Xa26,NO_HIT,,,,
IRIS_313-11900,xa5,OK,11920.0,0.01,,
IRIS_313-11900,xa13_SWEET11,OK,8553.0,0.0,,
IRIS_313-11900,xa25_SWEET13,OK,8893.0,0.72,,
IRIS_313-11900,Xa27,NO_HIT,,,,
IRIS_313-11924,Xa1,OK,9116.0,2.94,,
IRIS_313-11924,Xa21,OK,7789.0,0.01,,
IRIS_313-11924,Xa3_Xa26,OK,8521.0,46.5,,
IRIS_313-11924,xa5,OK,11920.0,0.0,,
IRIS_313-11924,xa13_SWEET11,OK,8553.0,0.0,,
IRIS_313-11924,xa25_SWEET13,OK,8893.0,0.1,,
IRIS_313-11924,Xa27,NO_HIT,,,,
IRIS_313-12349,Xa1,OK,9117.0,4.98,,
IRIS_313-12349,Xa21,OK,7789.0,0.58,,
IRIS_313-12349,Xa3_Xa26,NO_HIT,,,,
IRIS_313-12349,xa5,OK,11919.0,0.0,,
IRIS_313-12349,xa13_SWEET11,OK,8544.0,0.73,,
IRIS_313-12349,xa25_SWEET13,OK,8880.0,1.97,,
IRIS_313-12349,Xa27,NO_HIT,,,,
B018,Xa1,OK,9117.0,0.19,,
B018,Xa21,OK,7789.0,1.62,,
B018,Xa3_Xa26,NO_HIT,,,,
B018,xa5,OK,11919.0,0.0,,
B018,xa13_SWEET11,OK,8553.0,0.04,,
B018,xa25_SWEET13,OK,8893.0,3.37,,
B018,Xa27,NO_HIT,,,,
B190,Xa1,OK,27261.0,46.47,,
B190,Xa21,OK,7791.0,3.38,,
B190,Xa3_Xa26,OK,8504.0,49.55,,
B190,xa5,OK,11919.0,0.43,,
B190,xa13_SWEET11,OK,8548.0,0.22,,
B190,xa25_SWEET13,OK,8840.0,7.13,,
B190,Xa27,NO_HIT,,,,
B191,Xa1,OK,9117.0,4.2,,
B191,Xa21,OK,7789.0,2.36,,
B191,Xa3_Xa26,NO_HIT,,,,
B191,xa5,OK,11919.0,0.18,,
B191,xa13_SWEET11,OK,8553.0,0.47,,
B191,xa25_SWEET13,OK,8895.0,12.16,,
B191,Xa27,NO_HIT,,,,
CX106,Xa1,OK,27251.0,45.99,,
CX106,Xa21,OK,7791.0,1.14,,
CX106,Xa3_Xa26,OK,8497.0,53.71,,
CX106,xa5,OK,11919.0,0.08,,
CX106,xa13_SWEET11,OK,8551.0,0.3,,
CX106,xa25_SWEET13,OK,8885.0,2.61,,
CX106,Xa27,NO_HIT,,,,
CX111,Xa1,OK,27280.0,47.78,,
CX111,Xa21,OK,7791.0,1.91,,
CX111,Xa3_Xa26,OK,8471.0,50.77,,
CX111,xa5,OK,11919.0,0.05,,
CX111,xa13_SWEET11,OK,8548.0,0.46,,
CX111,xa25_SWEET13,OK,8893.0,7.17,,
CX111,Xa27,NO_HIT,,,,
CX220,Xa1,OK,27260.0,48.8,,
CX220,Xa21,OK,7791.0,0.99,,
CX220,Xa3_Xa26,OK,8520.0,51.0,,
CX220,xa5,OK,11919.0,0.17,,
CX220,xa13_SWEET11,OK,8532.0,1.05,,
CX220,xa25_SWEET13,OK,8906.0,7.5,,
CX220,Xa27,NO_HIT,,,,
CX262,Xa1,OK,27253.0,49.59,,
CX262,Xa21,NO_HIT,,,,
CX262,Xa3_Xa26,NO_HIT,,,,
CX262,xa5,OK,11914.0,0.0,,
CX262,xa13_SWEET11,OK,8553.0,0.0,,
CX262,xa25_SWEET13,OK,8890.0,11.65,,
CX262,Xa27,NO_HIT,,,,
CX269,Xa1,OK,27254.0,49.96,,
CX269,Xa21,OK,7791.0,3.67,,
CX269,Xa3_Xa26,OK,8142.0,49.37,,
CX269,xa5,OK,11919.0,0.03,,
CX269,xa13_SWEET11,OK,8544.0,0.01,,
CX269,xa25_SWEET13,OK,8824.0,7.09,,
CX269,Xa27,NO_HIT,,,,
CX285,Xa1,OK,27257.0,49.8,,
CX285,Xa21,OK,7789.0,1.0,,
CX285,Xa3_Xa26,NO_HIT,,,,
CX285,xa5,OK,11926.0,0.0,,
CX285,xa13_SWEET11,OK,8533.0,0.14,,
CX285,xa25_SWEET13,OK,8878.0,2.8,,
CX285,Xa27,NO_HIT,,,,
CX355,Xa1,OK,9117.0,1.12,,
CX355,Xa21,OK,7774.0,4.18,,
CX355,Xa3_Xa26,OK,8588.0,48.21,,
CX355,xa5,OK,11919.0,1.02,,
CX355,xa13_SWEET11,OK,8519.0,1.73,,
CX355,xa25_SWEET13,OK,8847.0,3.38,,
CX355,Xa27,NO_HIT,,,,
CX367,Xa1,OK,27194.0,27.68,,
CX367,Xa21,OK,7789.0,8.37,,
CX367,Xa3_Xa26,OK,8430.0,50.93,,
CX367,xa5,OK,11922.0,1.86,,
CX367,xa13_SWEET11,OK,8296.0,10.27,,
CX367,xa25_SWEET13,OK,8131.0,15.19,,
CX367,Xa27,NO_HIT,,,,
IRIS_313-7902,Xa1,OK,9117.0,1.57,,
IRIS_313-7902,Xa21,OK,7774.0,3.5,,
IRIS_313-7902,Xa3_Xa26,NO_HIT,,,,
IRIS_313-7902,xa5,OK,11919.0,0.0,,
IRIS_313-7902,xa13_SWEET11,OK,8553.0,0.16,,
IRIS_313-7902,xa25_SWEET13,OK,8842.0,5.89,,
IRIS_313-7902,Xa27,NO_HIT,,,,
IRIS_313-7914,Xa1,OK,27255.0,49.1,,
IRIS_313-7914,Xa21,OK,7791.0,1.55,,
IRIS_313-7914,Xa3_Xa26,OK,8512.0,49.04,,
IRIS_313-7914,xa5,OK,11919.0,0.01,,
IRIS_313-7914,xa13_SWEET11,OK,8548.0,0.02,,
IRIS_313-7914,xa25_SWEET13,OK,8908.0,7.26,,
IRIS_313-7914,Xa27,NO_HIT,,,,
IRIS_313-8356,Xa1,NO_HIT,,,,
IRIS_313-8356,Xa21,OK,7789.0,1.76,,
IRIS_313-8356,Xa3_Xa26,NO_HIT,,,,
IRIS_313-8356,xa5,OK,11906.0,0.03,,
IRIS_313-8356,xa13_SWEET11,OK,8553.0,0.43,,
IRIS_313-8356,xa25_SWEET13,OK,8906.0,7.51,,
IRIS_313-8356,Xa27,NO_HIT,,,,
IRIS_313-8923,Xa1,OK,9117.0,0.24,,
IRIS_313-8923,Xa21,OK,7770.0,2.48,,
IRIS_313-8923,Xa3_Xa26,NO_HIT,,,,
IRIS_313-8923,xa5,OK,11919.0,0.02,,
IRIS_313-8923,xa13_SWEET11,OK,8553.0,0.0,,
IRIS_313-8923,xa25_SWEET13,OK,8892.0,7.29,,
IRIS_313-8923,Xa27,NO_HIT,,,,
IRIS_313-10577,Xa1,NO_HIT,,,,
IRIS_313-10577,Xa21,OK,7789.0,1.66,,
IRIS_313-10577,Xa3_Xa26,NO_HIT,,,,
IRIS_313-10577,xa5,OK,11919.0,0.0,,
IRIS_313-10577,xa13_SWEET11,OK,8553.0,0.37,,
IRIS_313-10577,xa25_SWEET13,OK,8893.0,1.99,,
IRIS_313-10577,Xa27,NO_HIT,,,,
IRIS_313-10582,Xa1,NO_HIT,,,,
IRIS_313-10582,Xa21,OK,7789.0,2.35,,
IRIS_313-10582,Xa3_Xa26,NO_HIT,,,,
IRIS_313-10582,xa5,OK,11919.0,0.01,,
IRIS_313-10582,xa13_SWEET11,OK,8553.0,0.13,,
IRIS_313-10582,xa25_SWEET13,OK,8905.0,8.3,,
IRIS_313-10582,Xa27,NO_HIT,,,,
IRIS_313-11436,Xa1,OK,27268.0,47.43,,
IRIS_313-11436,Xa21,OK,7791.0,2.22,,
IRIS_313-11436,Xa3_Xa26,OK,8505.0,51.75,,
IRIS_313-11436,xa5,OK,11919.0,0.03,,
IRIS_313-11436,xa13_SWEET11,OK,8548.0,0.04,,
IRIS_313-11436,xa25_SWEET13,OK,8883.0,5.3,,
IRIS_313-11436,Xa27,NO_HIT,,,,
IRIS_313-11673,Xa1,OK,9120.0,3.84,,
IRIS_313-11673,Xa21,NO_HIT,,,,
IRIS_313-11673,Xa3_Xa26,NO_HIT,,,,
IRIS_313-11673,xa5,OK,11906.0,0.03,,
IRIS_313-11673,xa13_SWEET11,OK,8553.0,0.0,,
IRIS_313-11673,xa25_SWEET13,OK,8898.0,6.96,,
IRIS_313-11673,Xa27,NO_HIT,,,,
IRIS_313-11736,Xa1,NO_HIT,,,,
IRIS_313-11736,Xa21,OK,7789.0,0.77,,
IRIS_313-11736,Xa3_Xa26,NO_HIT,,,,
IRIS_313-11736,xa5,OK,11906.0,0.03,,
IRIS_313-11736,xa13_SWEET11,OK,8553.0,0.0,,
IRIS_313-11736,xa25_SWEET13,OK,8890.0,5.34,,
IRIS_313-11736,Xa27,NO_HIT,,,,
IRIS_313-11739,Xa1,OK,27268.0,46.0,,
IRIS_313-11739,Xa21,OK,7791.0,1.33,,
IRIS_313-11739,Xa3_Xa26,OK,8617.0,50.91,,
IRIS_313-11739,xa5,OK,11915.0,0.04,,
IRIS_313-11739,xa13_SWEET11,OK,8549.0,0.27,,
IRIS_313-11739,xa25_SWEET13,OK,8846.0,6.42,,
IRIS_313-11739,Xa27,NO_HIT,,,,
IRIS_313-11790,Xa1,NO_HIT,,,,
IRIS_313-11790,Xa21,NO_HIT,,,,
IRIS_313-11790,Xa3_Xa26,OK,8493.0,47.22,,
IRIS_313-11790,xa5,OK,11914.0,0.0,,
IRIS_313-11790,xa13_SWEET11,OK,8548.0,0.04,,
IRIS_313-11790,xa25_SWEET13,OK,8878.0,0.75,,
IRIS_313-11790,Xa27,NO_HIT,,,,
IRIS_313-11929,Xa1,NO_HIT,,,,
IRIS_313-11929,Xa21,OK,7789.0,2.59,,
IRIS_313-11929,Xa3_Xa26,NO_HIT,,,,
IRIS_313-11929,xa5,OK,11919.0,0.0,,
IRIS_313-11929,xa13_SWEET11,OK,8533.0,0.04,,
IRIS_313-11929,xa25_SWEET13,OK,8903.0,7.63,,
IRIS_313-11929,Xa27,NO_HIT,,,,
IRIS_313-15910,Xa1,OK,9117.0,0.15,,
IRIS_313-15910,Xa21,OK,7789.0,0.95,,
IRIS_313-15910,Xa3_Xa26,NO_HIT,,,,
IRIS_313-15910,xa5,OK,11919.0,0.04,,
IRIS_313-15910,xa13_SWEET11,OK,8553.0,0.04,,
IRIS_313-15910,xa25_SWEET13,OK,8893.0,1.78,,
IRIS_313-15910,Xa27,NO_HIT,,,,
B070,Xa1,OK,9117.0,1.16,,
B070,Xa21,OK,7789.0,2.84,,
B070,Xa3_Xa26,NO_HIT,,,,
B070,xa5,OK,11926.0,0.19,,
B070,xa13_SWEET11,OK,8553.0,1.12,,
B070,xa25_SWEET13,OK,8860.0,3.78,,
B070,Xa27,NO_HIT,,,,
CX109,Xa1,OK,27264.0,49.19,,
CX109,Xa21,OK,7791.0,0.36,,
CX109,Xa3_Xa26,NO_HIT,,,,
CX109,xa5,OK,11926.0,0.07,,
CX109,xa13_SWEET11,OK,8553.0,0.08,,
CX109,xa25_SWEET13,OK,8846.0,5.26,,
CX109,Xa27,NO_HIT,,,,
CX138,Xa1,OK,9113.0,5.88,,
CX138,Xa21,OK,7784.0,1.75,,
CX138,Xa3_Xa26,NO_HIT,,,,
CX138,xa5,OK,11926.0,0.03,,
CX138,xa13_SWEET11,OK,8553.0,0.87,,
CX138,xa25_SWEET13,OK,8899.0,3.05,,
CX138,Xa27,NO_HIT,,,,
CX142,Xa1,OK,9117.0,0.32,,
CX142,Xa21,OK,7789.0,2.21,,
CX142,Xa3_Xa26,NO_HIT,,,,
CX142,xa5,OK,11919.0,0.05,,
CX142,xa13_SWEET11,OK,8533.0,0.0,,
CX142,xa25_SWEET13,OK,8899.0,1.91,,
CX142,Xa27,NO_HIT,,,,
CX307,Xa1,OK,9117.0,1.17,,
CX307,Xa21,OK,7791.0,4.56,,
CX307,Xa3_Xa26,NO_HIT,,,,
CX307,xa5,OK,11926.0,0.08,,
CX307,xa13_SWEET11,OK,8551.0,1.06,,
CX307,xa25_SWEET13,OK,8893.0,4.68,,
CX307,Xa27,NO_HIT,,,,
CX353,Xa1,NO_HIT,,,,
CX353,Xa21,OK,7789.0,3.88,,
CX353,Xa3_Xa26,OK,8482.0,50.05,,
CX353,xa5,OK,11919.0,0.37,,
CX353,xa13_SWEET11,OK,8548.0,1.11,,
CX353,xa25_SWEET13,OK,8855.0,5.22,,
CX353,Xa27,NO_HIT,,,,
CX227,Xa1,NO_HIT,,,,
CX227,Xa21,OK,7774.0,2.7,,
CX227,Xa3_Xa26,NO_HIT,,,,
CX227,xa5,OK,11926.0,0.71,,
CX227,xa13_SWEET11,OK,8546.0,0.98,,
CX227,xa25_SWEET13,OK,8902.0,1.8,,
CX227,Xa27,OK,5781.0,50.44,,
IRIS_313-8864,Xa1,OK,27269.0,43.58,,
IRIS_313-8864,Xa21,OK,7772.0,2.74,,
IRIS_313-8864,Xa3_Xa26,NO_HIT,,,,
IRIS_313-8864,xa5,OK,11927.0,0.02,,
IRIS_313-8864,xa13_SWEET11,OK,8544.0,0.05,,
IRIS_313-8864,xa25_SWEET13,OK,8880.0,0.82,,
IRIS_313-8864,Xa27,OK,5780.0,50.02,,
IRIS_313-10020,Xa1,NO_HIT,,,,
IRIS_313-10020,Xa21,NO_HIT,,,,
IRIS_313-10020,Xa3_Xa26,NO_HIT,,,,
IRIS_313-10020,xa5,OK,11927.0,0.07,,
IRIS_313-10020,xa13_SWEET11,OK,8553.0,0.06,,
IRIS_313-10020,xa25_SWEET13,OK,8902.0,0.27,,
IRIS_313-10020,Xa27,OK,5781.0,50.01,,
IRIS_313-10602,Xa1,NO_HIT,,,,
IRIS_313-10602,Xa21,OK,7789.0,28.0,,
IRIS_313-10602,Xa3_Xa26,OK,8518.0,43.9,,
IRIS_313-10602,xa5,OK,11923.0,2.1,,
IRIS_313-10602,xa13_SWEET11,OK,8541.0,7.87,,
IRIS_313-10602,xa25_SWEET13,OK,8182.0,16.72,,
IRIS_313-10602,Xa27,OK,5782.0,53.11,,
IRIS_313-10603,Xa1,NO_HIT,,,,
IRIS_313-10603,Xa21,OK,7769.0,2.51,,
IRIS_313-10603,Xa3_Xa26,NO_HIT,,,,
IRIS_313-10603,xa5,OK,11927.0,0.02,,
IRIS_313-10603,xa13_SWEET11,OK,8547.0,0.13,,
IRIS_313-10603,xa25_SWEET13,OK,8880.0,1.33,,
IRIS_313-10603,Xa27,OK,5778.0,50.12,,
IRIS_313-10605,Xa1,NO_HIT,,,,
IRIS_313-10605,Xa21,NO_HIT,,,,
IRIS_313-10605,Xa3_Xa26,NO_HIT,,,,
IRIS_313-10605,xa5,OK,11927.0,0.03,,
IRIS_313-10605,xa13_SWEET11,OK,8537.0,0.43,,
IRIS_313-10605,xa25_SWEET13,OK,8880.0,1.05,,
IRIS_313-10605,Xa27,OK,5788.0,50.92,,
IRIS_313-10718,Xa1,OK,9117.0,1.06,,
IRIS_313-10718,Xa21,OK,7772.0,14.51,,
IRIS_313-10718,Xa3_Xa26,NO_HIT,,,,
IRIS_313-10718,xa5,OK,11923.0,1.7,,
IRIS_313-10718,xa13_SWEET11,OK,8430.0,9.64,,
IRIS_313-10718,xa25_SWEET13,OK,8800.0,13.88,,
IRIS_313-10718,Xa27,OK,5781.0,50.22,,
IRIS_313-10852,Xa1,NO_HIT,,,,
IRIS_313-10852,Xa21,OK,7772.0,2.66,,
IRIS_313-10852,Xa3_Xa26,NO_HIT,,,,
IRIS_313-10852,xa5,OK,11927.0,0.04,,
IRIS_313-10852,xa13_SWEET11,OK,8548.0,0.11,,
IRIS_313-10852,xa25_SWEET13,OK,8880.0,0.55,,
IRIS_313-10852,Xa27,OK,5781.0,50.35,,
IRIS_313-10861,Xa1,OK,9113.0,3.86,,
IRIS_313-10861,Xa21,OK,7787.0,15.67,,
IRIS_313-10861,Xa3_Xa26,NO_HIT,,,,
IRIS_313-10861,xa5,OK,11919.0,0.03,,
IRIS_313-10861,xa13_SWEET11,OK,8529.0,0.04,,
IRIS_313-10861,xa25_SWEET13,OK,8880.0,1.05,,
IRIS_313-10861,Xa27,OK,5781.0,50.86,,
IRIS_313-10871,Xa1,OK,9117.0,3.66,,
IRIS_313-10871,Xa21,OK,7772.0,2.9,,
IRIS_313-10871,Xa3_Xa26,NO_HIT,,,,
IRIS_313-10871,xa5,OK,11919.0,0.11,,
IRIS_313-10871,xa13_SWEET11,OK,8541.0,0.07,,
IRIS_313-10871,xa25_SWEET13,OK,8880.0,0.82,,
IRIS_313-10871,Xa27,OK,5783.0,50.56,,
IRIS_313-10892,Xa1,OK,9066.0,5.21,,
IRIS_313-10892,Xa21,OK,7789.0,15.65,,
IRIS_313-10892,Xa3_Xa26,NO_HIT,,,,
IRIS_313-10892,xa5,OK,11919.0,0.13,,
IRIS_313-10892,xa13_SWEET11,OK,8537.0,0.12,,
IRIS_313-10892,xa25_SWEET13,OK,8880.0,0.51,,
IRIS_313-10892,Xa27,OK,5784.0,50.5,,
IRIS_313-11027,Xa1,OK,9037.0,8.62,,
IRIS_313-11027,Xa21,OK,7772.0,2.82,,
IRIS_313-11027,Xa3_Xa26,NO_HIT,,,,
IRIS_313-11027,xa5,OK,11924.0,1.5,,
IRIS_313-11027,xa13_SWEET11,OK,8549.0,1.86,,
IRIS_313-11027,xa25_SWEET13,OK,8902.0,0.03,,
IRIS_313-11027,Xa27,OK,5781.0,50.34,,
IRIS_313-11037,Xa1,OK,27249.0,11.53,,
IRIS_313-11037,Xa21,OK,7772.0,2.8,,
IRIS_313-11037,Xa3_Xa26,NO_HIT,,,,
IRIS_313-11037,xa5,OK,11924.0,0.05,,
IRIS_313-11037,xa13_SWEET11,OK,8529.0,0.12,,
IRIS_313-11037,xa25_SWEET13,OK,8902.0,0.72,,
IRIS_313-11037,Xa27,OK,5781.0,50.03,,
IRIS_313-11050,Xa1,NO_HIT,,,,
IRIS_313-11050,Xa21,OK,7769.0,2.63,,
IRIS_313-11050,Xa3_Xa26,NO_HIT,,,,
IRIS_313-11050,xa5,OK,11927.0,0.05,,
IRIS_313-11050,xa13_SWEET11,OK,8547.0,0.18,,
IRIS_313-11050,xa25_SWEET13,OK,8902.0,0.35,,
IRIS_313-11050,Xa27,OK,5789.0,50.13,,
IRIS_313-11051,Xa1,NO_HIT,,,,
IRIS_313-11051,Xa21,NO_HIT,,,,
IRIS_313-11051,Xa3_Xa26,NO_HIT,,,,
IRIS_313-11051,xa5,OK,11927.0,0.03,,
IRIS_313-11051,xa13_SWEET11,OK,8541.0,0.09,,
IRIS_313-11051,xa25_SWEET13,OK,8880.0,0.3,,
IRIS_313-11051,Xa27,OK,5780.0,50.36,,
IRIS_313-11052,Xa1,OK,9116.0,3.25,,
IRIS_313-11052,Xa21,OK,7774.0,3.5,,
IRIS_313-11052,Xa3_Xa26,OK,8519.0,27.97,,
IRIS_313-11052,xa5,OK,11927.0,0.0,,
IRIS_313-11052,xa13_SWEET11,OK,8548.0,0.13,,
IRIS_313-11052,xa25_SWEET13,OK,8902.0,0.75,,
IRIS_313-11052,Xa27,OK,5787.0,51.18,,
IRIS_313-11053,Xa1,OK,9116.0,2.79,,
IRIS_313-11053,Xa21,NO_HIT,,,,
IRIS_313-11053,Xa3_Xa26,OK,8521.0,26.25,,
IRIS_313-11053,xa5,OK,11927.0,0.03,,
IRIS_313-11053,xa13_SWEET11,OK,8536.0,0.08,,
IRIS_313-11053,xa25_SWEET13,OK,8880.0,0.83,,
IRIS_313-11053,Xa27,OK,5781.0,51.13,,
IRIS_313-11055,Xa1,OK,27259.0,27.24,,
IRIS_313-11055,Xa21,OK,7774.0,1.27,,
IRIS_313-11055,Xa3_Xa26,OK,8396.0,28.43,,
IRIS_313-11055,xa5,OK,11927.0,0.02,,
IRIS_313-11055,xa13_SWEET11,OK,8540.0,0.07,,
IRIS_313-11055,xa25_SWEET13,OK,8851.0,6.51,,
IRIS_313-11055,Xa27,OK,5781.0,51.51,,
IRIS_313-11056,Xa1,OK,27280.0,44.83,,
IRIS_313-11056,Xa21,OK,7774.0,1.39,,
IRIS_313-11056,Xa3_Xa26,NO_HIT,,,,
IRIS_313-11056,xa5,OK,11927.0,0.03,,
IRIS_313-11056,xa13_SWEET11,OK,8550.0,0.09,,
IRIS_313-11056,xa25_SWEET13,OK,8902.0,1.37,,
IRIS_313-11056,Xa27,OK,5779.0,50.51,,
IRIS_313-11057,Xa1,NO_HIT,,,,
IRIS_313-11057,Xa21,NO_HIT,,,,
IRIS_313-11057,Xa3_Xa26,NO_HIT,,,,
IRIS_313-11057,xa5,OK,11927.0,0.02,,
IRIS_313-11057,xa13_SWEET11,OK,8537.0,0.06,,
IRIS_313-11057,xa25_SWEET13,OK,8880.0,0.79,,
IRIS_313-11057,Xa27,OK,5781.0,50.91,,
IRIS_313-11058,Xa1,OK,25079.0,49.76,,
IRIS_313-11058,Xa21,NO_HIT,,,,
IRIS_313-11058,Xa3_Xa26,OK,8514.0,41.85,,
IRIS_313-11058,xa5,OK,11927.0,0.03,,
IRIS_313-11058,xa13_SWEET11,OK,8551.0,0.11,,
IRIS_313-11058,xa25_SWEET13,OK,8880.0,0.41,,
IRIS_313-11058,Xa27,OK,5781.0,50.96,,
IRIS_313-11112,Xa1,NO_HIT,,,,
IRIS_313-11112,Xa21,NO_HIT,,,,
IRIS_313-11112,Xa3_Xa26,OK,8432.0,44.85,,
IRIS_313-11112,xa5,OK,11927.0,0.03,,
IRIS_313-11112,xa13_SWEET11,OK,8548.0,0.14,,
IRIS_313-11112,xa25_SWEET13,OK,8853.0,5.34,,
IRIS_313-11112,Xa27,OK,5781.0,50.23,,
IRIS_313-11191,Xa1,OK,9117.0,1.25,,
IRIS_313-11191,Xa21,NO_HIT,,,,
IRIS_313-11191,Xa3_Xa26,NO_HIT,,,,
IRIS_313-11191,xa5,OK,11923.0,0.06,,
IRIS_313-11191,xa13_SWEET11,OK,8536.0,0.04,,
IRIS_313-11191,xa25_SWEET13,OK,8902.0,0.97,,
IRIS_313-11191,Xa27,OK,5781.0,51.98,,
IRIS_313-11277,Xa1,OK,9117.0,3.03,,
IRIS_313-11277,Xa21,OK,7774.0,2.26,,
IRIS_313-11277,Xa3_Xa26,OK,8515.0,28.36,,
IRIS_313-11277,xa5,OK,11927.0,0.05,,
IRIS_313-11277,xa13_SWEET11,OK,8552.0,0.06,,
IRIS_313-11277,xa25_SWEET13,OK,8837.0,5.18,,
IRIS_313-11277,Xa27,OK,5786.0,50.0,,
IRIS_313-11298,Xa1,OK,9117.0,14.22,,
IRIS_313-11298,Xa21,OK,7774.0,1.7,,
IRIS_313-11298,Xa3_Xa26,NO_HIT,,,,
IRIS_313-11298,xa5,OK,11919.0,0.02,,
IRIS_313-11298,xa13_SWEET11,OK,8550.0,0.05,,
IRIS_313-11298,xa25_SWEET13,OK,8880.0,0.83,,
IRIS_313-11298,Xa27,OK,5782.0,50.42,,
IRIS_313-11737,Xa1,OK,9117.0,3.7,,
IRIS_313-11737,Xa21,OK,7787.0,16.42,,
IRIS_313-11737,Xa3_Xa26,NO_HIT,,,,
IRIS_313-11737,xa5,OK,11919.0,0.08,,
IRIS_313-11737,xa13_SWEET11,OK,8529.0,0.05,,
IRIS_313-11737,xa25_SWEET13,OK,8880.0,0.41,,
IRIS_313-11737,Xa27,OK,5781.0,50.77,,
IRIS_313-11809,Xa1,NO_HIT,,,,
IRIS_313-11809,Xa21,OK,7789.0,1.54,,
IRIS_313-11809,Xa3_Xa26,NO_HIT,,,,
IRIS_313-11809,xa5,OK,11924.0,0.07,,
IRIS_313-11809,xa13_SWEET11,OK,8533.0,0.04,,
IRIS_313-11809,xa25_SWEET13,OK,8902.0,1.02,,
IRIS_313-11809,Xa27,OK,5781.0,51.76,,
CX110,Xa1,OK,9117.0,4.04,,
CX110,Xa21,OK,7789.0,2.88,,
CX110,Xa3_Xa26,OK,8485.0,43.77,,
CX110,xa5,OK,11915.0,0.38,,
CX110,xa13_SWEET11,OK,8553.0,0.04,,
CX110,xa25_SWEET13,OK,8902.0,0.53,,
CX110,Xa27,NO_HIT,,,,
CX149,Xa1,NO_HIT,,,,
CX149,Xa21,OK,7786.0,2.62,,
CX149,Xa3_Xa26,OK,8452.0,44.53,,
CX149,xa5,OK,11924.0,0.18,,
CX149,xa13_SWEET11,OK,8557.0,1.59,,
CX149,xa25_SWEET13,OK,8891.0,7.56,,
CX149,Xa27,NO_HIT,,,,
IRIS_313-8326,Xa1,OK,9116.0,6.21,,
IRIS_313-8326,Xa21,OK,7789.0,2.44,,
IRIS_313-8326,Xa3_Xa26,OK,8496.0,39.29,,
IRIS_313-8326,xa5,OK,11914.0,0.0,,
IRIS_313-8326,xa13_SWEET11,OK,8553.0,0.02,,
IRIS_313-8326,xa25_SWEET13,OK,8902.0,0.67,,
IRIS_313-8326,Xa27,NO_HIT,,,,
IRIS_313-11062,Xa1,NO_HIT,,,,
IRIS_313-11062,Xa21,NO_HIT,,,,
IRIS_313-11062,Xa3_Xa26,OK,8508.0,53.88,,
IRIS_313-11062,xa5,OK,11915.0,0.32,,
IRIS_313-11062,xa13_SWEET11,OK,8553.0,0.01,,
IRIS_313-11062,xa25_SWEET13,OK,8902.0,1.34,,
IRIS_313-11062,Xa27,NO_HIT,,,,
IRIS_313-11270,Xa1,OK,9106.0,5.03,,
IRIS_313-11270,Xa21,OK,7777.0,4.58,,
IRIS_313-11270,Xa3_Xa26,OK,8430.0,36.82,,
IRIS_313-11270,xa5,OK,11915.0,1.5,,
IRIS_313-11270,xa13_SWEET11,OK,8553.0,1.44,,
IRIS_313-11270,xa25_SWEET13,OK,8886.0,10.27,,
IRIS_313-11270,Xa27,NO_HIT,,,,
IRIS_313-11289,Xa1,OK,9117.0,4.16,,
IRIS_313-11289,Xa21,OK,7774.0,1.88,,
IRIS_313-11289,Xa3_Xa26,OK,8448.0,30.39,,
IRIS_313-11289,xa5,OK,11915.0,0.37,,
IRIS_313-11289,xa13_SWEET11,OK,8553.0,0.04,,
IRIS_313-11289,xa25_SWEET13,OK,8902.0,1.86,,
IRIS_313-11289,Xa27,NO_HIT,,,,
IRIS_313-12094,Xa1,NO_HIT,,,,
IRIS_313-12094,Xa21,OK,7787.0,3.3,,
IRIS_313-12094,Xa3_Xa26,OK,8407.0,32.68,,
IRIS_313-12094,xa5,OK,11919.0,0.18,,
IRIS_313-12094,xa13_SWEET11,OK,8553.0,1.32,,
IRIS_313-12094,xa25_SWEET13,OK,8902.0,2.52,,
IRIS_313-12094,Xa27,NO_HIT,,,,
CX108,Xa1,OK,9106.0,2.06,,
CX108,Xa21,OK,7770.0,3.35,,
CX108,Xa3_Xa26,OK,8409.0,46.57,,
CX108,xa5,OK,11919.0,0.64,,
CX108,xa13_SWEET11,OK,8549.0,0.84,,
CX108,xa25_SWEET13,OK,8898.0,2.19,,
CX108,Xa27,OK,5778.0,50.12,,
CX112,Xa1,OK,27253.0,11.98,,
CX112,Xa21,NO_HIT,,,,
CX112,Xa3_Xa26,OK,8505.0,50.12,,
CX112,xa5,OK,11926.0,0.02,,
CX112,xa13_SWEET11,OK,8553.0,0.18,,
CX112,xa25_SWEET13,OK,8902.0,0.62,,
CX112,Xa27,NO_HIT,,,,
IRIS_313-7646,Xa1,OK,27268.0,50.88,,
IRIS_313-7646,Xa21,OK,7790.0,2.26,,
IRIS_313-7646,Xa3_Xa26,NO_HIT,,,,
IRIS_313-7646,xa5,OK,11917.0,0.34,,
IRIS_313-7646,xa13_SWEET11,OK,8547.0,0.02,,
IRIS_313-7646,xa25_SWEET13,OK,8883.0,2.27,,
IRIS_313-7646,Xa27,OK,5776.0,30.56,,
IRIS_313-10857,Xa1,OK,27293.0,36.37,,
IRIS_313-10857,Xa21,OK,7770.0,16.69,,
IRIS_313-10857,Xa3_Xa26,OK,8531.0,41.88,,
IRIS_313-10857,xa5,OK,11923.0,0.05,,
IRIS_313-10857,xa13_SWEET11,OK,8537.0,0.12,,
IRIS_313-10857,xa25_SWEET13,OK,8850.0,5.81,,
IRIS_313-10857,Xa27,OK,5789.0,51.17,,
IRIS_313-10894,Xa1,NO_HIT,,,,
IRIS_313-10894,Xa21,OK,7787.0,15.78,,
IRIS_313-10894,Xa3_Xa26,OK,8502.0,33.9,,
IRIS_313-10894,xa5,OK,11919.0,0.09,,
IRIS_313-10894,xa13_SWEET11,OK,8541.0,0.21,,
IRIS_313-10894,xa25_SWEET13,OK,8880.0,2.53,,
IRIS_313-10894,Xa27,OK,5788.0,50.17,,
IRIS_313-11033,Xa1,OK,9066.0,5.88,,
IRIS_313-11033,Xa21,OK,7788.0,3.08,,
IRIS_313-11033,Xa3_Xa26,OK,8376.0,47.77,,
IRIS_313-11033,xa5,OK,11926.0,0.25,,
IRIS_313-11033,xa13_SWEET11,OK,8555.0,0.6,,
IRIS_313-11033,xa25_SWEET13,OK,8901.0,3.25,,
IRIS_313-11033,Xa27,NO_HIT,,,,
IRIS_313-11035,Xa1,OK,27256.0,11.69,,
IRIS_313-11035,Xa21,OK,7772.0,17.16,,
IRIS_313-11035,Xa3_Xa26,OK,163121.0,85.29,,
IRIS_313-11035,xa5,OK,11924.0,0.05,,
IRIS_313-11035,xa13_SWEET11,OK,8532.0,0.06,,
IRIS_313-11035,xa25_SWEET13,OK,8889.0,1.52,,
IRIS_313-11035,Xa27,OK,5786.0,51.61,,
IRIS_313-11066,Xa1,OK,27260.0,11.73,,
IRIS_313-11066,Xa21,NO_HIT,,,,
IRIS_313-11066,Xa3_Xa26,OK,8575.0,49.31,,
IRIS_313-11066,xa5,OK,11926.0,0.17,,
IRIS_313-11066,xa13_SWEET11,OK,8553.0,0.01,,
IRIS_313-11066,xa25_SWEET13,OK,8902.0,0.95,,
IRIS_313-11066,Xa27,NO_HIT,,,,
IRIS_313-11295,Xa1,OK,27261.0,34.24,,
IRIS_313-11295,Xa21,OK,7773.0,2.5,,
IRIS_313-11295,Xa3_Xa26,NO_HIT,,,,
IRIS_313-11295,xa5,OK,11914.0,0.02,,
IRIS_313-11295,xa13_SWEET11,OK,8533.0,0.0,,
IRIS_313-11295,xa25_SWEET13,OK,8842.0,5.65,,
IRIS_313-11295,Xa27,NO_HIT,,,,
IRIS_313-11663,Xa1,OK,27269.0,46.99,,
IRIS_313-11663,Xa21,OK,7772.0,14.99,,
IRIS_313-11663,Xa3_Xa26,NO_HIT,,,,
IRIS_313-11663,xa5,OK,11917.0,0.32,,
IRIS_313-11663,xa13_SWEET11,OK,8546.0,0.05,,
IRIS_313-11663,xa25_SWEET13,OK,8882.0,0.54,,
IRIS_313-11663,Xa27,OK,5782.0,49.76,,
IRIS_313-11754,Xa1,OK,27267.0,45.0,,
IRIS_313-11754,Xa21,OK,7791.0,1.01,,
IRIS_313-11754,Xa3_Xa26,NO_HIT,,,,
IRIS_313-11754,xa5,OK,11919.0,0.01,,
IRIS_313-11754,xa13_SWEET11,OK,8534.0,0.02,,
IRIS_313-11754,xa25_SWEET13,OK,8846.0,5.25,,
IRIS_313-11754,Xa27,OK,5777.0,50.22,,
