id,name,origin,region,subgroup,C4_lvl,C4_LL,C4_SD,C5_lvl,C5_LL,C5_SD,V_lvl,V_LL,V_SD,P9a_lvl,P9a_LL,P9a_SD,C4_bin,C5_bin,V_bin,P9a_bin,fasta
B015,Kahamu,Romania,EUR,XI-1A,S,22.22222222222222,1.3231672626460622,S,22.362499999999997,1.68637534273246,S,25.333333333333332,1.5811388300841898,S,18.747058823529414,1.190967160663038,0,0,0,0,/content/drive/MyDrive/consensus_results/B015.fasta.gz
B061,Guangluai 4,China,EAS,XI-1A,MR,9.944444444444445,0.9662515072736712,MS,10.282352941176471,0.7,S,21.61111111111111,2.3,MS,13.618749999999999,1.2,1,0,0,0,/content/drive/MyDrive/consensus_results/B061.fasta.gz
B081,Heidu 4,China,EAS,XI-1A,S,20.77777777777778,2.3,S,15.97222222222222,1.3,S,32.55555555555556,1.3333333333333335,S,17.51666666666667,1.4,0,0,0,0,/content/drive/MyDrive/consensus_results/B081.fasta.gz
B094,Zinuo,China,EAS,XI-1A,S,17.0,1.776388345929897,S,19.9,1.2,S,22.0,1.5491933384829668,S,20.7,1.8,0,0,0,0,/content/drive/MyDrive/consensus_results/B094.fasta.gz
B149,Haoxiang,China,EAS,XI-1A,S,24.88888888888889,1.8,S,23.8,1.6104692207897366,S,34.77777777777778,1.2018504251546631,S,25.9,1.5496191288327743,0,0,0,0,/content/drive/MyDrive/consensus_results/B149.fasta.gz
B157,88B,China,EAS,XI-1A,R,1.0,0.0,MS,12.055555555555555,1.1,S,31.444444444444443,1.4240006242195884,MS,13.0,1.2,1,0,0,0,/content/drive/MyDrive/consensus_results/B157.fasta.gz
B197,Taizhongxianxuan 2,Taiwan,EAR,XI-1A,R,2.9444444444444446,0.10015420209622193,S,15.525,0.6854641574226259,S,30.0,2.3,R,3.1599999999999997,0.1,1,0,0,1,/content/drive/MyDrive/consensus_results/B197.fasta.gz
B208,Lucaihao,China,EAS,XI-1A,MS,12.4444444444444,1.256771780651513,MS,13.05,1.2,S,35.888888888888886,2.6,S,18.11875,1.7,0,0,0,0,/content/drive/MyDrive/consensus_results/B208.fasta.gz
B210,Nanxiongzaoyouzhan,China,EAS,XI-1A,MR,7.222222222222222,0.8127077132404329,S,24.831250000000004,1.1247221879201987,S,26.666666666666668,1.6583123951777,S,26.958823529411767,2.4,1,0,0,0,/content/drive/MyDrive/consensus_results/B210.fasta.gz
B216,Hanmadao4,China,EAS,XI-1A,MS,13.61111111111111,0.8810417515085395,S,20.46111111111111,1.8,S,31.555555555555557,1.130388330520878,S,17.5,1.4,0,0,0,0,/content/drive/MyDrive/consensus_results/B216.fasta.gz
B221,Fanhaopi,China,EAS,XI-1A,MS,12.61111111111111,1.2,S,20.9,0.4835488025468003,S,34.44444444444444,1.5092308563562362,S,26.4,2.3,0,0,0,0,/content/drive/MyDrive/consensus_results/B221.fasta.gz
B261,Meihuanuo,China,EAS,XI-1A,S,19.444444444444443,1.1915339216404006,S,18.43333333333333,1.2,S,32.111111111111114,1.2692955176439846,S,23.046666666666667,1.8676150864434333,0,0,0,0,/content/drive/MyDrive/consensus_results/B261.fasta.gz
B264,Sanbaili,China,EAS,XI-1A,MS,14.777777777777779,1.5,S,24.93076923076923,1.4677789343085652,S,32.111111111111114,1.6914819275153699,S,29.39333333333333,1.8724056125150275,0,0,0,0,/content/drive/MyDrive/consensus_results/B264.fasta.gz
CX3,BR 24,Bangladesh,SAC,XI-1A,S,19.5,1.206464071390257,MS,14.655555555555553,1.2,S,32.77777777777778,2.223610677354389,S,22.174999999999997,1.8,0,0,0,0,/content/drive/MyDrive/consensus_results/CX3.fasta.gz
CX10,Gang 46B,China,EAS,XI-1A,S,24.0,2.1,MS,14.1,0.46955948623269406,S,36.111111111111114,1.90029237516523,S,15.2,1.0278753707418915,0,0,0,0,/content/drive/MyDrive/consensus_results/CX10.fasta.gz
CX101,Hei Mi Chan,China,EAS,XI-1A,S,27.88888888888889,2.84070810835675,S,18.93125,1.1830692193518424,S,34.888888888888886,1.9002923751652299,S,18.73125,1.3,0,0,0,0,/content/drive/MyDrive/consensus_results/CX101.fasta.gz
CX102,Tek Si Chut,Taiwan,EAR,XI-1A,MR,6.222222222222222,0.5407756203869939,S,15.180000000000001,0.483117768021192,S,32.77777777777778,1.5634719199411433,S,16.94,0.8049758450482304,1,0,0,0,/content/drive/MyDrive/consensus_results/CX102.fasta.gz
CX162,TN1,Taiwan,EAR,XI-1A,S,18.555555555555557,2.0,S,22.575,0.3530620027385825,S,28.88888888888889,2.5,S,23.66875,2.119519075429876,0,0,0,0,/content/drive/MyDrive/consensus_results/CX162.fasta.gz
CX270,TAICHUNGNATIVE1,Taiwan,EAR,XI-1A,MR,7.416666666666667,0.5208611103704095,S,16.950000000000003,1.3,MS,14.333333333333334,0.8,S,19.511764705882353,1.3,1,0,0,0,/content/drive/MyDrive/consensus_results/CX270.fasta.gz
IRIS_313-8454,LAI YIP ZIM::IRGC 4955-1,Taiwan,EAR,XI-1A,S,22.666666666666668,2.9,S,26.46153846153846,0.6782841915041545,S,33.0,1.224744871391589,S,31.88888888888889,2.7,0,0,0,0,/content/drive/MyDrive/consensus_results/IRIS_313-8454.fasta.gz
IRIS_313-10171,YA NONG ZAO 4::IRGC 63908-1,China,EAS,XI-1A,S,18.655555555555555,1.3351145509646463,S,20.107142857142858,2.11985691608579,S,22.044444444444444,2.1,S,22.1,1.9951503702728783,0,0,0,0,/content/drive/MyDrive/consensus_results/IRIS_313-10171.fasta.gz
IRIS_313-10503,HA GOO::IRGC 4577-1,China,EAS,XI-1A,MS,11.875,0.5506729889333059,S,24.694444444444443,0.44705828603338876,S,43.833333333333336,2.9268868558020253,S,28.9333333333333,0.27888667551135854,0,0,0,0,/content/drive/MyDrive/consensus_results/IRIS_313-10503.fasta.gz
IRIS_313-10968,IH PEN SHIM MING::IRGC 26067-1,Brazil,SAM,XI-1A,S,24.0,2.5,S,15.227272727272727,0.34369317712168823,S,48.166666666666664,1.7224014243685084,S,22.388888888889,2.3,0,0,0,0,/content/drive/MyDrive/consensus_results/IRIS_313-10968.fasta.gz
IRIS_313-11038,AI NAN TSAO 39::IRGC 28461-2,China,EAS,XI-1A,S,17.285714285714285,1.2,S,24.0,2.2,S,30.444444444444443,2.2,S,24.75,1.4197270864500684,0,0,0,0,/content/drive/MyDrive/consensus_results/IRIS_313-11038.fasta.gz
IRIS_313-11039,KWANG LU AI 4::IRGC 28480-2,China,EAS,XI-1A,MS,12.75,1.3,S,19.642857142857142,1.2,S,24.22222222222222,1.8,S,16.888888888889,1.5619387881020756,0,0,0,0,/content/drive/MyDrive/consensus_results/IRIS_313-11039.fasta.gz
IRIS_313-11665,JIN HUA 258::IRGC 63670-1,China,EAS,XI-1A,S,22.25,0.9703951085339758,S,22.884615384615383,0.5504417417957255,S,33.0,2.3,S,19.1555555555556,1.3,0,0,0,0,/content/drive/MyDrive/consensus_results/IRIS_313-11665.fasta.gz
IRIS_313-11667,LUO AI ZAO 3::IRGC 63730-1,China,EAS,XI-1A,S,19.583333333333332,1.9,S,18.375,0.24874685927665702,S,35.333333333333336,2.6,S,19.5,0.2785129161178067,0,0,0,0,/content/drive/MyDrive/consensus_results/IRIS_313-11667.fasta.gz
IRIS_313-11668,RONG DAO 4::IRGC 63820-1,China,EAS,XI-1A,MS,14.625,1.429678803606419,S,18.935714285714283,1.7,S,31.4,2.5,S,29.333333333333,1.5,0,0,0,0,/content/drive/MyDrive/consensus_results/IRIS_313-11668.fasta.gz
IRIS_313-11692,CHIAYI WU-K'O::IRGC 64974-1,Taiwan,EAR,XI-1A,S,20.666666666666668,2.0539032398140185,S,15.5,0.5905505905508858,S,28.75,2.8,S,19.777777777778,1.2513603708675585,0,0,0,0,/content/drive/MyDrive/consensus_results/IRIS_313-11692.fasta.gz
IRIS_313-11727,HONG YANG ZAO 3::IRGC 67177-1,China,EAS,XI-1A,S,27.916666666666668,1.7839303258276094,MS,12.8,1.37756851159978,S,34.5,2.9,R,3.8,0.1,0,0,0,1,/content/drive/MyDrive/consensus_results/IRIS_313-11727.fasta.gz
IRIS_313-11732,QING ZAO 3::IRGC 67281-1,China,EAS,XI-1A,MS,10.944444444444445,1.2,S,23.571428571428573,2.2,S,25.5,2.4,R,4.666666666666667,0.2,0,0,0,1,/content/drive/MyDrive/consensus_results/IRIS_313-11732.fasta.gz
IRIS_313-11733,SHUANG BAI AI 2::IRGC 67309-1,China,EAS,XI-1A,S,15.083333333333334,0.8590477070355065,S,21.125,2.1425743861065767,S,30.666666666666668,2.9,MR,5.17666666666667,0.2,0,0,0,1,/content/drive/MyDrive/consensus_results/IRIS_313-11733.fasta.gz
IRIS_313-11734,SI CHAO 1::IRGC 67335-1,China,EAS,XI-1A,MR,8.833333333333334,0.5235208439728772,S,17.173333333333332,0.17697300484662754,S,25.333333333333332,2.8,R,4.4764705882353,0.3,1,0,0,1,/content/drive/MyDrive/consensus_results/IRIS_313-11734.fasta.gz
IRIS_313-11745,AN FU ZHAN::IRGC 67878-1,China,EAS,XI-1A,MS,14.25,1.5,S,25.0,2.2,S,40.5,2.7,S,23.66666666667,1.7,0,0,0,0,/content/drive/MyDrive/consensus_results/IRIS_313-11745.fasta.gz
IRIS_313-11746,E 2070::IRGC 67981-1,China,EAS,XI-1A,S,28.25,2.473670879290052,S,32.0,2.271700904608704,S,34.125,2.2907708265199,S,32.125,0.7708671163768182,0,0,0,0,/content/drive/MyDrive/consensus_results/IRIS_313-11746.fasta.gz
IRIS_313-11752,M 6034-1::IRGC 68193-1,China,EAS,XI-1A,S,18.083333333333332,1.9131610452821748,S,26.1,2.109222473909388,S,34.75,3.2015621187164243,S,23.5777777777777,1.8666108622611008,0,0,0,0,/content/drive/MyDrive/consensus_results/IRIS_313-11752.fasta.gz
IRIS_313-11753,XIANG CHANG ZAO::IRGC 68268-1,China,EAS,XI-1A,S,21.25,1.9,S,29.25,0.7668930825088991,S,47.5,3.2093613071762426,MS,11.555555555556,1.1,0,0,0,0,/content/drive/MyDrive/consensus_results/IRIS_313-11753.fasta.gz
IRIS_313-11795,DA GU AI 7::IRGC 70075-1,China,EAS,XI-1A,S,24.75,1.3406051701460138,MS,14.807692307692308,1.3397761006974163,S,41.5,2.3,S,21.444444444444,1.3,0,0,0,0,/content/drive/MyDrive/consensus_results/IRIS_313-11795.fasta.gz
IRIS_313-11796,DU GEN CHUAN::IRGC 70083-1,China,EAS,XI-1A,S,31.6,2.9714692711905375,S,21.535714285714285,2.591385300911034,S,48.333333333333336,2.7325202042558927,S,30.625,2.5,0,0,0,0,/content/drive/MyDrive/consensus_results/IRIS_313-11796.fasta.gz
IRIS_313-11797,E ZI 32::IRGC 70127-1,China,EAS,XI-1A,S,19.142857142857142,0.8698354767504904,S,26.8,2.05478904527155,S,27.666666666666668,2.7,S,24.5,2.5,0,0,0,0,/content/drive/MyDrive/consensus_results/IRIS_313-11797.fasta.gz
IRIS_313-11799,E ZI 110::IRGC 70201-1,China,EAS,XI-1A,S,28.5,1.5740958604156792,S,21.125,2.514085320747889,S,37.833333333333336,2.9268868558020253,S,28.033333333333,0.6533567172685992,0,0,0,0,/content/drive/MyDrive/consensus_results/IRIS_313-11799.fasta.gz
IRIS_313-11802,JIE CAO ZHAN::IRGC 70305-1,China,EAS,XI-1A,S,24.083333333333332,2.6,S,28.678571428571427,0.17677669529663617,S,43.666666666666664,2.3,S,26.126,1.6699550892164672,0,0,0,0,/content/drive/MyDrive/consensus_results/IRIS_313-11802.fasta.gz
IRIS_313-11804,QUN XUAN ZAO::IRGC 70371-1,China,EAS,XI-1A,S,27.375,2.20426774605453,S,22.566666666666666,1.6,S,36.333333333333336,2.5,S,34.214285714285715,2.3,0,0,0,0,/content/drive/MyDrive/consensus_results/IRIS_313-11804.fasta.gz
IRIS_313-11805,XI HONG GU::IRGC 70416-1,China,EAS,XI-1A,S,21.333333333333332,1.9962928605756192,S,19.928571428571427,0.23511226632776483,S,29.75,2.7,S,33.583333333333336,2.3,0,0,0,0,/content/drive/MyDrive/consensus_results/IRIS_313-11805.fasta.gz
IRIS_313-11806,78 XUAN WU::IRGC 70475-1,China,EAS,XI-1A,MS,14.916666666666666,1.2356584689354297,S,19.323076923076922,0.20916500663351878,S,34.833333333333336,2.2,S,19.63888888888889,1.1530153704285333,0,0,0,0,/content/drive/MyDrive/consensus_results/IRIS_313-11806.fasta.gz
IRIS_313-11878,BAI RI XIAN::IRGC 72588-1,China,EAS,XI-1A,S,17.833333333333332,0.9525793444156795,S,22.208333333333332,0.2979093821953244,S,40.5,2.6,MS,11.06111111111111,1.0,0,0,0,0,/content/drive/MyDrive/consensus_results/IRIS_313-11878.fasta.gz
IRIS_313-11882,MAN TIAN QING::IRGC 72776-1,China,EAS,XI-1A,S,27.75,2.2054226100430023,S,24.75,0.9936604606761353,S,37.833333333333336,2.9944392908634274,S,22.38888888888889,1.2,0,0,0,0,/content/drive/MyDrive/consensus_results/IRIS_313-11882.fasta.gz
IRIS_313-12033,GAO JIAO HONG::IRGC 80920-1,China,EAS,XI-1A,S,28.7,2.468505320739356,S,20.857142857142858,0.4218840019615711,S,46.833333333333336,3.600925806881706,S,30.194444444444443,2.3146273998205387,0,0,0,0,/content/drive/MyDrive/consensus_results/IRIS_313-12033.fasta.gz
B214,Xuanenchangtanqingzhan,China,EAS,XI-1B,S,15.666666666666666,0.5773502691896257,MS,12.733333333333333,1.4,S,30.0,1.7,MS,11.608333333333334,0.9,0,0,0,0,/content/drive/MyDrive/consensus_results/B214.fasta.gz
B217,Honggu,China,EAS,XI-1B,MR,8.444444444444445,1.0815512407739878,MR,9.2,1.1,S,22.333333333333332,1.9,S,15.5,0.7458216945088147,1,1,0,0,/content/drive/MyDrive/consensus_results/B217.fasta.gz
CX82,X 21,Viet Nam,SEA,XI-1B,R,1.0,0.1,MR,5.356250000000001,0.3,S,20.22222222222222,1.5634719199411433,MR,7.2625,0.8,1,1,0,1,/content/drive/MyDrive/consensus_results/CX82.fasta.gz
CX92,UPR 191-66,India,SAC,XI-1B,R,1.2777777777777777,0.1,S,15.5,1.4,S,20.666666666666668,1.9,MR,9.835294117647058,0.4,1,0,0,1,/content/drive/MyDrive/consensus_results/CX92.fasta.gz
CX97,Budda,India,SAC,XI-1B,MR,7.444444444444445,0.5617707893376858,MR,6.041176470588236,0.4,S,22.88888888888889,1.9002923751652299,R,2.329411764705882,0.2,1,1,0,1,/content/drive/MyDrive/consensus_results/CX97.fasta.gz
CX125,CAOZHAO-2,China,EAS,XI-1B,R,0.5,0.0,MS,10.158823529411766,0.3784104179914251,S,22.88888888888889,1.5365907428821477,MR,9.76875,0.9,1,0,0,1,/content/drive/MyDrive/consensus_results/CX125.fasta.gz
CX134,IRBB 7,Philippines,SER-IRRI,XI-1B,R,0.5,0.0,R,1.4428571428571428,0.1,R,1.5,0.2,S,15.79375,1.2,1,1,1,0,/content/drive/MyDrive/consensus_results/CX134.fasta.gz
CX150,Chorofa,Philippines,SER-IRRI,XI-1B,R,1.0,0.0,MR,8.34705882352941,0.7,S,16.72222222222222,1.3,R,3.541176470588235,0.2,1,1,0,1,/content/drive/MyDrive/consensus_results/CX150.fasta.gz
CX152,Cisadane,Indonesia,SER,XI-1B,R,0.5,0.0,MR,9.68125,0.2895158794340035,S,19.0,1.4142135623730951,MR,9.506250000000001,0.7,1,1,0,1,/content/drive/MyDrive/consensus_results/CX152.fasta.gz
CX225,IR 77298-14-1-2,Philippines,SER-IRRI,XI-1B,R,1.8333333333333333,0.18633899812498247,MR,6.0,0.4,S,21.88888888888889,1.8,R,3.2470588235294118,0.1,1,1,0,1,/content/drive/MyDrive/consensus_results/CX225.fasta.gz
CX250,829,China,EAS,XI-1B,S,18.61111111111111,1.9,R,4.733333333333333,0.24748737341529123,MS,11.11111111111111,1.2,MR,5.546666666666667,0.4,0,1,0,1,/content/drive/MyDrive/consensus_results/CX250.fasta.gz
CX276,IR 8192-200-3-3-1-1,Philippines,SER-IRRI,XI-1B,R,2.9444444444444446,0.3,R,3.382352941176471,0.3,S,27.333333333333332,2.6,R,2.71764705882353,0.3,1,1,0,1,/content/drive/MyDrive/consensus_results/CX276.fasta.gz
CX290,Duo 57,China,EAS,XI-1B,R,3.0,0.20412414523193148,S,17.5,1.2,S,27.666666666666668,2.8751811537130436,R,3.3,0.2,1,0,0,1,/content/drive/MyDrive/consensus_results/CX290.fasta.gz
CX305,ZH 5,China,EAS,XI-1B,R,3.5625,0.3825302145966578,MS,10.08125,0.2,S,25.11111111111111,2.7588242262078,MS,11.792857142857143,0.8,1,0,0,0,/content/drive/MyDrive/consensus_results/CX305.fasta.gz
CX357,PSBRC 80,Philippines,SER-IRRI,XI-1B,R,0.5,0.0,R,2.1,0.1,MR,8.11111111111111,0.5,R,1.1,0.1,1,1,1,1,/content/drive/MyDrive/consensus_results/CX357.fasta.gz
CX364,42686,unknownf,unknown,XI-1B,R,0.5,0.1,MR,7.3357142857142845,0.6,S,30.0,2.5,R,2.0764705882352943,0.2,1,1,0,1,/content/drive/MyDrive/consensus_results/CX364.fasta.gz
IRIS_313-7808,WAS 173-B-B-6-2-2::C1,Senegal,WAF,XI-1B,R,0.5,0.0,S,16.958333333333332,0.620483682299543,S,32.44444444444444,1.4240006242195884,MR,8.977777777777778,0.4639803635691684,1,0,0,1,/content/drive/MyDrive/consensus_results/IRIS_313-7808.fasta.gz
IRIS_313-8930,MUKKALA BAZAL::IRGC 77279-1,Bangladesh,SAE,XI-1B,R,4.977777777777778,0.5,S,16.53846153846154,1.5418017958796761,S,22.0,2.2,MS,14.88888888888889,1.2,1,0,0,0,/content/drive/MyDrive/consensus_results/IRIS_313-8930.fasta.gz
IRIS_313-9066,AUS 177::IRGC 29009-1,Bangladesh,SAE,XI-1B,MR,7.614285714285715,0.4,S,20.5,1.086278049120022,S,26.055555555555557,2.1,R,4.833333333333333,0.3,1,0,0,1,/content/drive/MyDrive/consensus_results/IRIS_313-9066.fasta.gz
IRIS_313-10333,B 6136-3-TB-0-1-5::IRGC 117312-1,Indonesia,SER,XI-1B,R,1.7333333333333336,0.16009256581624748,MS,13.681818181818182,1.4,S,27.344444444444445,2.8,MS,11.75,1.2,1,0,0,0,/content/drive/MyDrive/consensus_results/IRIS_313-10333.fasta.gz
IRIS_313-10397,IRGA 318-11-6-9-2B::IRGC 117339-1,Colombia,SAM,XI-1B,R,4.833333333333333,0.5,S,20.0,1.4,S,17.077777777777776,1.3,MS,14.8555555555556,1.4855554516745617,1,0,0,0,/content/drive/MyDrive/consensus_results/IRIS_313-10397.fasta.gz
IRIS_313-11784,MBEIMBEIHUN::IRGC 69730-1,Sierra Leone,WAF,XI-1B,MR,6.5,0.54560308258262,S,17.541666666666668,0.2410912690248243,S,26.5,2.3,R,2.9,0.3,1,0,0,1,/content/drive/MyDrive/consensus_results/IRIS_313-11784.fasta.gz
IRIS_313-11798,E ZI 100::IRGC 70192-1,China,EAS,XI-1B,R,1.4166666666666667,0.2,MS,14.884615384615385,0.29047375096555794,S,36.25,0.9574271077563381,S,16.44444444444,1.647873208445091,1,0,0,0,/content/drive/MyDrive/consensus_results/IRIS_313-11798.fasta.gz
IRIS_313-11930,ITA 117::IRGC 75235-1,Nigeria,WAF,XI-1B,R,3.033333333333333,0.3,S,21.0,1.4,S,21.11111111111111,2.472066162365216,R,3.5,0.3,1,0,0,1,/content/drive/MyDrive/consensus_results/IRIS_313-11930.fasta.gz
B012,2037 (Rajahamsal),India,SAC,XI-2,R,4.66666666666667,0.5,S,25.35625,0.7646259070799133,S,30.0,1.9,MS,10.726666666666667,0.25124689052802246,1,0,0,0,/content/drive/MyDrive/consensus_results/B012.fasta.gz
B052,J 34,Madagascar,IOC,XI-2,MS,12.333333333333334,1.1,S,21.9375,1.2073846850849876,S,36.111111111111114,0.7817359599705717,MS,14.9,0.8,0,0,0,0,/content/drive/MyDrive/consensus_results/B052.fasta.gz
CX98,Doddabyranella,India,SAC,XI-2,MR,6.111111111111111,0.675862503366469,MR,9.717647058823529,0.6,S,30.0,2.3,R,3.8000000000000007,0.3,1,1,0,1,/content/drive/MyDrive/consensus_results/CX98.fasta.gz
CX99,Doddi,India,SAC,XI-2,MS,14.833333333333334,1.5,S,16.428571428571,1.3,S,36.888888888888886,1.6914819275153699,R,3.5555555555556,0.3,0,0,0,1,/content/drive/MyDrive/consensus_results/CX99.fasta.gz
CX155,Madhukar,India,SAC,XI-2,R,2.0,0.16666666666666666,R,4.494117647058823,0.3,R,4.333333333333333,0.5,R,3.25625,0.3,1,1,1,1,/content/drive/MyDrive/consensus_results/CX155.fasta.gz
CX160,W 1263,India,SAC,XI-2,MR,8.3,0.5725188012439225,S,17.443749999999998,1.3,S,32.111111111111114,2.6,R,2.364705882352941,0.2,1,0,0,1,/content/drive/MyDrive/consensus_results/CX160.fasta.gz
IRIS_313-8305,URAIBOOL::IRGC 52785-1,India,SAC,XI-2,S,27.9375,2.4,S,44.5,0.9043106644167024,S,52.0,2.9,MS,11.9,1.2,0,0,0,0,/content/drive/MyDrive/consensus_results/IRIS_313-8305.fasta.gz
IRIS_313-8595,MAKALIOKA STANDARD::IRGC 12768-1,Madagascar,IOC,XI-2,MS,12.333333333333334,1.3,S,36.44444444444444,1.7783419243778564,S,44.111111111111114,3.3,S,22.833333333333332,0.5414743248247738,0,0,0,0,/content/drive/MyDrive/consensus_results/IRIS_313-8595.fasta.gz
IRIS_313-8703,DA 7::IRGC 5809-2,Bangladesh,SAE,XI-2,R,3.5555555555555554,0.2421610524189265,MS,12.958333333333334,0.8,S,21.22222222222222,1.3,MS,12.055555555555555,0.9,1,0,0,0,/content/drive/MyDrive/consensus_results/IRIS_313-8703.fasta.gz
IRIS_313-8925,KURULUTUDU::IRGC 36304-1,Sri Lanka,IOC,XI-2,S,26.916666666666668,2.7,S,19.466666666666665,0.9380091210170141,S,27.21111111111111,2.901915076481628,MS,14.071428571428571,1.3,0,0,0,0,/content/drive/MyDrive/consensus_results/IRIS_313-8925.fasta.gz
IRIS_313-8988,BANIKAT::IRGC 67720-1,India,SAC,XI-2,S,22.055555555555557,2.376096238230542,S,21.84375,2.1,S,22.016666666666666,1.7,S,18.2,1.7,0,0,0,0,/content/drive/MyDrive/consensus_results/IRIS_313-8988.fasta.gz
IRIS_313-9039,MUTTU SAMBA::IRGC 36333-1,Sri Lanka,IOC,XI-2,MR,6.833333333333333,0.5340273262532403,S,26.821428571428573,1.6,S,31.5,3.2,MS,10.535714285714286,0.8302024518821363,1,0,0,0,/content/drive/MyDrive/consensus_results/IRIS_313-9039.fasta.gz
IRIS_313-9067,BHOJON KOLPO::IRGC 31727-1,Bangladesh,SAE,XI-2,S,17.166666666666668,1.8,MS,14.84375,1.1,S,18.95,1.4,S,26.916666666666668,2.4,0,0,0,0,/content/drive/MyDrive/consensus_results/IRIS_313-9067.fasta.gz
IRIS_313-9148,BADAL 1163::IRGC 32796-1,Bangladesh,SAE,XI-2,S,25.642857142857142,2.1,MS,10.785714285714286,0.378135043484614,S,22.655555555555555,1.9,S,15.233333333333333,0.8477912478906585,0,0,0,0,/content/drive/MyDrive/consensus_results/IRIS_313-9148.fasta.gz
IRIS_313-9262,JHODI BIRUN::IRGC 31812-1,Bangladesh,SAE,XI-2,R,2.4285714285714284,0.2,R,3.9187499999999993,0.3116934034877507,S,18.288888888888888,1.8,R,2.977777777777778,0.2,1,1,0,1,/content/drive/MyDrive/consensus_results/IRIS_313-9262.fasta.gz
IRIS_313-10010,LALKA (LAL DHAN)::IRGC 64946-1,Fiji,OCE,XI-2,MS,13.88888888888889,1.6,MS,13.9411764705882,0.2037836543439582,S,29.485714285714284,2.1896944774926714,MR,5.1,0.3,0,0,0,1,/content/drive/MyDrive/consensus_results/IRIS_313-10010.fasta.gz
IRIS_313-10114,FACAGRO 64::IRGC 82059-1,Burundi,EAF,XI-2,MR,7.699999999999999,0.8,S,21.88888888888889,1.1,S,25.522222222222226,2.4,MR,6.5,0.3,1,0,0,1,/content/drive/MyDrive/consensus_results/IRIS_313-10114.fasta.gz
IRIS_313-10576,BAANYALOJOPOIHUN::IRGC 7928-2,Sierra Leone,WAF,XI-2,MS,14.916666666666666,0.60015430114695,S,21.035714285714285,1.4,S,37.5,3.2,R,4.01111111111111,0.3,0,0,0,1,/content/drive/MyDrive/consensus_results/IRIS_313-10576.fasta.gz
IRIS_313-10863,ARC 11322::IRGC 21315-2,India,SAC,XI-2,R,3.8333333333333335,0.4,S,30.692307692307693,0.19525624189766655,S,39.916666666666664,3.322900339562814,MR,6.4444444444444,0.3,1,0,0,1,/content/drive/MyDrive/consensus_results/IRIS_313-10863.fasta.gz
IRIS_313-10986,HALDI JAON::IRGC 26638-2,Bangladesh,SAE,XI-2,MR,6.166666666666667,0.7,S,16.607692307692307,1.2,S,31.5,2.8,R,4.7677777777778,0.2,1,0,0,1,/content/drive/MyDrive/consensus_results/IRIS_313-10986.fasta.gz
IRIS_313-11205,KAZALSAIL::IRGC 37161-2,Bangladesh,SAE,XI-2,MR,7.125,0.5,MR,9.071428571428571,0.4,S,38.333333333333336,2.7,R,3.10555555555555,0.1,1,1,0,1,/content/drive/MyDrive/consensus_results/IRIS_313-11205.fasta.gz
IRIS_313-11224,PATNAI 31-679::IRGC 38149-2,Bangladesh,SAE,XI-2,S,18.333333333333332,1.3333333333333333,S,34.06666666666667,1.5386908215897181,S,32.44444444444444,1.740051084818425,MS,12.033333333333,1.4,0,0,0,0,/content/drive/MyDrive/consensus_results/IRIS_313-11224.fasta.gz
IRIS_313-11229,STRAW 23-428::IRGC 38416-2,Bangladesh,SAE,XI-2,R,3.5555555555555554,0.4,S,20.615384615384617,0.7905694150420949,S,27.22222222222222,1.7159383568311668,R,3.8888888888889,0.2,1,0,0,1,/content/drive/MyDrive/consensus_results/IRIS_313-11229.fasta.gz
IRIS_313-11241,BR 116-3B-53::IRGC 39559-2,Bangladesh,SAE,XI-2,R,0.8428571428571429,0.1,R,2.5214285714285714,0.2,R,3.0833333333333335,0.2,R,2.6666666666667,0.2,1,1,1,1,/content/drive/MyDrive/consensus_results/IRIS_313-11241.fasta.gz
IRIS_313-11242,OR 117-8::IRGC 39680-2,India,SAC,XI-2,MR,7.5,0.5137011669140813,S,28.923076923076923,2.3,S,30.0,1.0,MR,7.777777777778,0.3,1,0,0,1,/content/drive/MyDrive/consensus_results/IRIS_313-11242.fasta.gz
IRIS_313-11267,ARC 14358::IRGC 41523-2,India,SAC,XI-2,MR,5.9,0.2981423969999714,MS,14.5,0.8,S,27.733333333333334,2.8,R,4.8888888888889,0.2,1,0,0,1,/content/drive/MyDrive/consensus_results/IRIS_313-11267.fasta.gz
IRIS_313-11372,SUFALDHULA::IRGC 46698-2,India,SAC,XI-2,MR,7.0,0.8,S,15.78125,0.986083724189341,S,30.0,1.4,MR,6.12222222222222,0.4,1,0,0,1,/content/drive/MyDrive/consensus_results/IRIS_313-11372.fasta.gz
IRIS_313-11416,KONAMANI::IRGC 49806-1,India,SAC,XI-2,S,26.166666666666668,2.3349200953891,S,19.875,1.8,S,31.333333333333332,2.7,MR,7.5555555555556,0.5,0,0,0,1,/content/drive/MyDrive/consensus_results/IRIS_313-11416.fasta.gz
IRIS_313-11453,ZINYA KOLAMBA::IRGC 52402-1,India,SAC,XI-2,MS,10.571428571428571,0.9,S,18.466666666666665,1.6,S,41.166666666666664,3.7,S,17.9,1.3,0,0,0,0,/content/drive/MyDrive/consensus_results/IRIS_313-11453.fasta.gz
IRIS_313-11460,SELHI::IRGC 52760-1,India,SAC,XI-2,MS,11.0,1.1,S,19.099999999999998,0.2955691308494713,S,36.5,2.6,MR,5.555555555556,0.6,0,0,0,1,/content/drive/MyDrive/consensus_results/IRIS_313-11460.fasta.gz
IRIS_313-11642,NCS 599::IRGC 62373-1,India,SAC,XI-2,S,18.583333333333332,1.3098628709680813,S,28.933333333333334,1.2211674741819787,S,28.166666666666668,1.8,MR,7.02777777777777,0.34550687402713137,0,0,0,1,/content/drive/MyDrive/consensus_results/IRIS_313-11642.fasta.gz
IRIS_313-11644,NCS 745::IRGC 62466-1,India,SAC,XI-2,MS,10.666666666666666,1.2,S,28.466666666666665,0.17460272366464039,S,34.833333333333336,2.5,R,3.33333333333,0.1,0,0,0,1,/content/drive/MyDrive/consensus_results/IRIS_313-11644.fasta.gz
IRIS_313-11645,NCS 766::IRGC 62478-1,India,SAC,XI-2,S,25.333333333333332,0.8410751496789138,S,30.833333333333332,1.838496517387094,S,46.5,2.4,S,31.111111111111,3.0,0,0,0,0,/content/drive/MyDrive/consensus_results/IRIS_313-11645.fasta.gz
IRIS_313-11646,NCS 771 A::IRGC 62483-1,India,SAC,XI-2,MR,7.75,0.8,S,23.923076923076923,0.31102429344202615,S,31.0,2.2,MR,5.21111111111111,0.4,1,0,0,1,/content/drive/MyDrive/consensus_results/IRIS_313-11646.fasta.gz
IRIS_313-11648,NCS 830::IRGC 62518-1,India,SAC,XI-2,MR,7.5,0.69571824322869,S,24.7,0.2701594179574556,S,39.166666666666664,2.5,MR,6.13333333333333,0.3,1,0,0,1,/content/drive/MyDrive/consensus_results/IRIS_313-11648.fasta.gz
IRIS_313-11671,DERAWA::IRGC 64106-1,Nepal,SAC,XI-2,S,37.0,0.9428090415820635,S,15.8125,0.6415043084639245,S,42.166666666666664,2.5,MR,6.33333333333,0.2,0,0,0,1,/content/drive/MyDrive/consensus_results/IRIS_313-11671.fasta.gz
IRIS_313-11723,DISSIGBE::IRGC 66916-1,Guinea,WAF,XI-2,S,28.75,2.446653042650533,MS,14.35,0.5113978664188757,S,41.166666666666664,2.9,MR,6.333333333333,0.2,0,0,0,1,/content/drive/MyDrive/consensus_results/IRIS_313-11723.fasta.gz
IRIS_313-11738,PAUNDRI::IRGC 67527-1,India,SAC,XI-2,S,37.5,3.6603480911175836,S,22.49285714285714,1.3797644726546636,S,42.333333333333336,3.6,S,15.11875,1.21327473153449,0,0,0,0,/content/drive/MyDrive/consensus_results/IRIS_313-11738.fasta.gz
IRIS_313-11760,MENAHARA 505::IRGC 68709-1,Madagascar,IOC,XI-2,S,20.083333333333332,1.4040285952559157,S,18.7333333333333,1.3,S,40.833333333333336,3.2,MR,8.13333333333333,0.2,0,0,0,1,/content/drive/MyDrive/consensus_results/IRIS_313-11760.fasta.gz
IRIS_313-11761,NS 199::IRGC 68864-1,Cote d'Ivoire,WAF,XI-2,S,26.583333333333332,1.7269647962270105,S,29.21875,1.014512745662227,S,40.5,2.5,MR,8.17,0.5,0,0,0,1,/content/drive/MyDrive/consensus_results/IRIS_313-11761.fasta.gz
IRIS_313-11762,NS 1515::IRGC 68947-1,Madagascar,IOC,XI-2,MS,13.25,1.2,S,19.625,2.6818966133026914,S,35.833333333333336,2.2,MS,10.428571428571,0.9347459547919955,0,0,0,0,/content/drive/MyDrive/consensus_results/IRIS_313-11762.fasta.gz
IRIS_313-11787,TANDAKAY FINGO::IRGC 69793-1,Gambia,WAF,XI-2,MR,9.583333333333334,1.1,S,18.53846153846154,0.4116363011742826,S,38.583333333333336,2.5,MR,9.111111111111,0.7,1,0,0,1,/content/drive/MyDrive/consensus_results/IRIS_313-11787.fasta.gz
IRIS_313-11789,SABORAMANDALOAFO::IRGC 69875-1,Madagascar,IOC,XI-2,MS,13.833333333333334,0.9047201327032116,S,18.48461538461538,1.1,S,39.833333333333336,3.6,MR,6.111111111111,0.4,0,0,0,1,/content/drive/MyDrive/consensus_results/IRIS_313-11789.fasta.gz
IRIS_313-11791,VARY LAHY::IRGC 69908-1,Madagascar,IOC,XI-2,MR,8.7,0.8,S,25.65625,1.725080513418947,S,35.583333333333336,2.8,S,36.25,2.6,1,0,0,0,/content/drive/MyDrive/consensus_results/IRIS_313-11791.fasta.gz
IRIS_313-11794,TSIPALA MENAHAR::IRGC 69979-1,Madagascar,IOC,XI-2,S,31.0,3.2,S,26.5,2.4,S,39.625,2.8,MR,9.6111111111111,0.8,0,0,0,1,/content/drive/MyDrive/consensus_results/IRIS_313-11794.fasta.gz
IRIS_313-11811,MOSHI::IRGC 70648-1,Kenya,EAF,XI-2,S,26.0,2.8,S,27.208333333333332,1.7,S,21.333333333333332,1.9,S,37.47222222222222,2.5,0,0,0,0,/content/drive/MyDrive/consensus_results/IRIS_313-11811.fasta.gz
IRIS_313-11821,19::IRGC 70786-1,India,SAC,XI-2,R,3.1,0.3,S,26.914285714285715,0.3459086263419543,S,35.833333333333336,3.2,MR,6.638888888888889,0.6,1,0,0,1,/content/drive/MyDrive/consensus_results/IRIS_313-11821.fasta.gz
IRIS_313-11823,BHU BHUSI::IRGC 70803-1,India,SAC,XI-2,MR,5.785714285714286,0.5,S,17.692307692307693,0.09052317076000174,S,46.666666666666664,3.5,MR,6.35,0.2274557343992699,1,0,0,1,/content/drive/MyDrive/consensus_results/IRIS_313-11823.fasta.gz
IRIS_313-11824,DHANIYA PHOOL::IRGC 70811-1,India,SAC,XI-2,R,2.5,0.23570226039551587,MS,13.285714285714286,1.2,S,45.333333333333336,2.8,R,3.6333333333333337,0.1,1,0,0,1,/content/drive/MyDrive/consensus_results/IRIS_313-11824.fasta.gz
CX107,Tun Sart,Viet Nam,SEA,XI-3,MS,10.944444444444445,1.2,MR,8.392307692307693,0.36228441865473515,S,32.666666666666664,2.7,R,3.8333333333333335,0.1,0,1,0,1,/content/drive/MyDrive/consensus_results/CX107.fasta.gz
CX154,Khao Dawk Mali 105,Thailand,SEA,XI-3,S,19.833333333333332,1.8,S,17.129411764705882,1.6,S,32.22222222222222,2.6,S,18.624999999999996,1.5,0,0,0,0,/content/drive/MyDrive/consensus_results/CX154.fasta.gz
IRIS_313-8586,PLI KHAO::IRGC 64596-1,Thailand,SEA,XI-3,S,17.3625,1.9,S,22.571428571428573,1.3829567760578938,S,31.444444444444443,2.2,S,26.2,0.2825970826302196,0,0,0,0,/content/drive/MyDrive/consensus_results/IRIS_313-8586.fasta.gz
IRIS_313-8725,PULUT BARAYA::IRGC 27393-1,Indonesia,SER,XI-3,MR,7.25,0.8,S,21.555555555555557,1.7,S,30.0125,2.2,MR,9.5,0.7,1,0,0,1,/content/drive/MyDrive/consensus_results/IRIS_313-8725.fasta.gz
IRIS_313-9020,LEUANG CHAIYAPHUM::IRGC 78266-1,Thailand,SEA,XI-3,MS,12.083333333333334,0.763156214288666,S,22.966666666666665,1.3934619159170076,S,28.166666666666668,2.48327740429189,MR,7.9375,0.07817359599705717,0,0,0,1,/content/drive/MyDrive/consensus_results/IRIS_313-9020.fasta.gz
IRIS_313-9112,LEUANG YAI 344::IRGC 651-1,Thailand,SEA,XI-3,S,16.08888888888889,1.3365008671531948,MS,12.8125,1.2,S,25.555555555555557,2.6,MS,14.972222222222221,1.3,0,0,0,0,/content/drive/MyDrive/consensus_results/IRIS_313-9112.fasta.gz
IRIS_313-10511,MACAN SAPAC::IRGC 5212-2,Philippines,SER,XI-3,R,3.3333333333333335,0.3004626062886658,S,23.37857142857143,2.2,S,34.666666666666664,1.5811388300841898,S,21.7666666666667,1.489546910976623,1,0,0,0,/content/drive/MyDrive/consensus_results/IRIS_313-10511.fasta.gz
IRIS_313-11079,PHAN PHAE::IRGC 29652-2,Lao People's Democratic Republic,SEA,XI-3,MR,9.333333333333334,0.6,S,39.42307692307692,1.4684175155588413,S,35.5,1.8708286933869707,MR,6.6888888888889,0.6,1,0,0,1,/content/drive/MyDrive/consensus_results/IRIS_313-11079.fasta.gz
IRIS_313-11089,SRAU THMOR::IRGC 29904-1,Cambodia,SEA,XI-3,MS,10.75,0.48016200969626444,MS,14.208333333333334,0.6860717487584254,S,34.583333333333336,2.5,S,19.55555555556,1.7,0,0,0,0,/content/drive/MyDrive/consensus_results/IRIS_313-11089.fasta.gz
IRIS_313-11095,MAK EA NAM::IRGC 30131-2,Lao People's Democratic Republic,SEA,XI-3,MS,14.277777777777779,0.939529695849321,S,26.0,2.1653521653532493,S,27.22222222222222,1.7159383568311668,S,19.3611111111111,1.6,0,0,0,0,/content/drive/MyDrive/consensus_results/IRIS_313-11095.fasta.gz
IRIS_313-11151,E 21::IRGC 33929-2,Myanmar,SEA,XI-3,MS,10.75,1.3,S,16.09090909090909,0.3136921704119786,S,38.333333333333336,3.0,MR,6.4888888888889,0.3,0,0,0,1,/content/drive/MyDrive/consensus_results/IRIS_313-11151.fasta.gz
IRIS_313-11528,ZO::IRGC 56914-1,Cote d'Ivoire,WAF,XI-3,MS,10.5625,0.9,S,18.1,0.2288255036291001,S,36.166666666666664,2.3,S,21.666666666667,1.8,0,0,0,0,/content/drive/MyDrive/consensus_results/IRIS_313-11528.fasta.gz
IRIS_313-11635,GAM PERNG::IRGC 62135-1,Thailand,SEA,XI-3,S,26.333333333333332,2.6,S,20.9375,1.4831226442131409,S,37.333333333333336,2.4,S,27.1,1.2113468170227328,0,0,0,0,/content/drive/MyDrive/consensus_results/IRIS_313-11635.fasta.gz
IRIS_313-11677,E NAWN KHAO::IRGC 64293-1,Thailand,SEA,XI-3,S,20.0,1.5,S,29.866666666666667,2.728985362934569,S,18.333333333333332,1.4,S,44.25,1.8258179293432133,0,0,0,0,/content/drive/MyDrive/consensus_results/IRIS_313-11677.fasta.gz
IRIS_313-11683,NIAW KHIAW NGOO::IRGC 64563-1,Thailand,SEA,XI-3,S,21.375,2.2,S,26.76923076923077,0.2242270674512287,S,39.333333333333336,2.8,S,45.6,1.5163232211870652,0,0,0,0,/content/drive/MyDrive/consensus_results/IRIS_313-11683.fasta.gz
IRIS_313-11685,PLAWNG SAENG::IRGC 64595-1,Thailand,SEA,XI-3,S,35.1,3.0081678932656115,S,19.272222222222222,2.11052380199823,S,40.0,2.2,MR,6.6111111111111,0.3072051431861128,0,0,0,1,/content/drive/MyDrive/consensus_results/IRIS_313-11685.fasta.gz
IRIS_313-11700,DAW NOK KAEN::IRGC 65548-1,Thailand,SEA,XI-3,S,35.25,3.126499640172696,MS,12.966666666666667,1.2,S,45.666666666666664,3.6,S,24.533333333333,2.331308645374954,0,0,0,0,/content/drive/MyDrive/consensus_results/IRIS_313-11700.fasta.gz
IRIS_313-11705,DAWK PUD KHAO::IRGC 65808-1,Thailand,SEA,XI-3,S,24.625,2.3,S,15.692307692307692,1.70833333333333,S,37.5,3.6,S,19.9722222222222,2.1,0,0,0,0,/content/drive/MyDrive/consensus_results/IRIS_313-11705.fasta.gz
IRIS_313-11708,KHAO YAI GUANG::IRGC 65972-1,Thailand,SEA,XI-3,S,26.5,2.60002572007273,S,20.192307692307693,0.22360679774997957,S,35.333333333333336,2.8,MR,6.555555555556,0.3,0,0,0,1,/content/drive/MyDrive/consensus_results/IRIS_313-11708.fasta.gz
IRIS_313-11716,SOSSOKA::IRGC 66478-1,Guinea,WAF,XI-3,MS,14.0,1.3368010461684403,S,24.826666666666664,2.7,S,39.583333333333336,2.2,S,24.333333333333,2.6,0,0,0,0,/content/drive/MyDrive/consensus_results/IRIS_313-11716.fasta.gz
IRIS_313-11719,DAWK PUT::IRGC 66699-1,Thailand,SEA,XI-3,S,37.25,3.4,MS,12.15,1.1,S,42.0,3.3,S,24.222222222222,2.415243834021267,0,0,0,0,/content/drive/MyDrive/consensus_results/IRIS_313-11719.fasta.gz
IRIS_313-11720,DAW 85::IRGC 66704-1,Thailand,SEA,XI-3,MS,13.666666666666666,1.2,S,19.433333333333334,0.3100179206289718,S,46.666666666666664,2.5,S,16.8888888888889,1.2,0,0,0,0,/content/drive/MyDrive/consensus_results/IRIS_313-11720.fasta.gz
IRIS_313-11721,GAEW DAENG::IRGC 66707-1,Thailand,SEA,XI-3,S,26.583333333333332,1.5435049100690936,S,18.566666666666666,0.3640054944640255,S,48.25,3.0,MS,11.9888888888889,0.9009639899080938,0,0,0,0,/content/drive/MyDrive/consensus_results/IRIS_313-11721.fasta.gz
IRIS_313-11724,KONYAN::IRGC 66931-1,Guinea,WAF,XI-3,MS,10.666666666666666,1.3,S,23.59375,0.40756730868791585,S,32.5,2.9,R,3.6111111111111,0.2,0,0,0,1,/content/drive/MyDrive/consensus_results/IRIS_313-11724.fasta.gz
IRIS_313-11728,LUO SI ZHAN::IRGC 67211-1,China,EAS,XI-3,MS,12.083333333333334,1.3,S,21.4,2.109222473909388,S,39.166666666666664,2.4,R,4.2222222222222,0.2,0,0,0,1,/content/drive/MyDrive/consensus_results/IRIS_313-11728.fasta.gz
IRIS_313-11764,P 41::IRGC 68987-1,Liberia,WAF,XI-3,MR,9.833333333333334,0.36082763487954,S,17.115384615384617,1.7,S,30.25,2.8722813232690143,R,3.5,0.2,1,0,0,1,/content/drive/MyDrive/consensus_results/IRIS_313-11764.fasta.gz
IRIS_313-11786,N'YA NOFF::IRGC 69749-1,Gambia,WAF,XI-3,S,15.166666666666666,1.4,S,26.4,2.3503989023142537,S,34.0,3.7,S,32.833333333333,2.006776713483028,0,0,0,0,/content/drive/MyDrive/consensus_results/IRIS_313-11786.fasta.gz
IRIS_313-11812,ASFALA::IRGC 70650-1,Kenya,EAF,XI-3,MR,7.5,0.7,S,34.166666666666664,2.1078886224002513,S,41.92857142857143,2.76026223736942,MR,9.625,0.7,1,0,0,1,/content/drive/MyDrive/consensus_results/IRIS_313-11812.fasta.gz
IRIS_313-11814,KIKUBA::IRGC 70722-1,Kenya,EAF,XI-3,S,21.25,2.032376824202528,S,19.791666666666668,1.5,S,42.166666666666664,2.5,S,20.02777777777778,1.7,0,0,0,0,/content/drive/MyDrive/consensus_results/IRIS_313-11814.fasta.gz
IRIS_313-11815,MOSHI::IRGC 70730-1,Kenya,EAF,XI-3,S,23.25,2.5,S,16.96153846153846,0.19057661043382182,S,39.666666666666664,2.8,MR,8.011111111111111,0.4,0,0,0,1,/content/drive/MyDrive/consensus_results/IRIS_313-11815.fasta.gz
IRIS_313-11820,PAKISTANHMWE::IRGC 70763-1,Myanmar,SEA,XI-3,S,28.0,2.0682789409984763,S,28.366666666666667,0.21327473153449547,S,37.0,2.4,S,30.083333333333332,2.69777028064692,0,0,0,0,/content/drive/MyDrive/consensus_results/IRIS_313-11820.fasta.gz
IRIS_313-12121,CHA LIENG::IRGC 84920-1,Lao People's Democratic Republic,SEA,XI-3,MR,8.022222222222222,0.7,S,29.5,0.22142217092644031,S,26.75,2.8,S,18.75,2.121827697476348,1,0,0,0,/content/drive/MyDrive/consensus_results/IRIS_313-12121.fasta.gz
IRIS_313-12127,INPONG::IRGC 85524-1,Lao People's Democratic Republic,SEA,XI-3,MR,9.75,1.1,S,33.125,2.276983262515945,S,40.57142857142857,3.4,S,29.75,2.5,1,0,0,0,/content/drive/MyDrive/consensus_results/IRIS_313-12127.fasta.gz
IRIS_313-12128,HMA GNENG::IRGC 85751-1,Lao People's Democratic Republic,SEA,XI-3,S,25.0,2.4,S,19.5625,0.5198824653494074,S,42.166666666666664,2.7,S,24.555555555555557,0.46599654266719354,0,0,0,0,/content/drive/MyDrive/consensus_results/IRIS_313-12128.fasta.gz
B011,CO 22,India,SAC,XI-adm,R,2.2777777777777777,0.2,S,18.19333333333333,1.4,S,33.888888888888886,1.2692955176439846,MS,13.4,1.2616402463107748,1,0,0,0,/content/drive/MyDrive/consensus_results/B011.fasta.gz
B039,IRAT 10,Cote d'Ivoire,WAF,XI-adm,R,1.8888888888888888,0.1,R,2.12,0.2,MS,11.5,0.7,R,1.4461538461538461,0.1,1,1,0,1,/content/drive/MyDrive/consensus_results/B039.fasta.gz
B040,K 24,India,SAC,XI-adm,R,2.7555555555555555,0.2,S,16.89333333333333,1.2,S,25.555555555555557,1.5898986690282426,S,17.71333333333333,1.1577036657874837,1,0,0,0,/content/drive/MyDrive/consensus_results/B040.fasta.gz
B097,Jiienuo,China,EAS,XI-adm,S,26.88888888888889,2.3,S,19.7,1.3,S,32.77777777777778,1.922093765778466,S,24.9,2.2,0,0,0,0,/content/drive/MyDrive/consensus_results/B097.fasta.gz
B125,Xiangwanxian 3,China,EAS,XI-adm,S,18.0,1.5,MS,12.683333333333335,0.6735065783725582,S,32.0,1.5,MS,12.75625,1.2,0,0,0,0,/content/drive/MyDrive/consensus_results/B125.fasta.gz
B229,Menjiading 2,China,EAS,XI-adm,MR,7.777777777777778,0.5839943344896842,S,22.500000000000004,1.5579990728851876,S,29.444444444444443,1.509230856356236,S,25.7625,2.1,1,0,0,0,/content/drive/MyDrive/consensus_results/B229.fasta.gz
B253,Jiangnongzao 1 B,China,EAS,XI-adm,S,16.11111111111111,1.4761478061762683,S,21.583333333333336,1.7,S,30.0,2.7,S,22.50714285714286,1.8,0,0,0,0,/content/drive/MyDrive/consensus_results/B253.fasta.gz
B254,Jinghu3 B,China,EAS,XI-adm,S,16.0,1.861525658640723,S,15.355555555555558,1.4,S,31.555555555555557,1.130388330520878,S,15.872222222222225,1.4,0,0,0,0,/content/drive/MyDrive/consensus_results/B254.fasta.gz
CX4,93072,China,EAS,XI-adm,R,4.533333333333333,0.5,S,24.25,1.3,S,36.55555555555556,2.3,S,30.166666666666668,2.2,1,0,0,0,/content/drive/MyDrive/consensus_results/CX4.fasta.gz
CX117,IR 65600-27-1-2-2,Philippines,SER-IRRI,XI-adm,R,2.3333333333333335,0.25,S,16.807142857142857,1.3,S,28.444444444444443,2.1278575558006176,S,17.11875,1.1,1,0,0,0,/content/drive/MyDrive/consensus_results/CX117.fasta.gz
CX118,Yetuozai,China,EAS,XI-adm,R,2.388888888888889,0.29788348041010015,MR,8.9,0.4,S,32.22222222222222,1.4813657362192647,MS,12.15,1.2,1,1,0,0,/content/drive/MyDrive/consensus_results/CX118.fasta.gz
CX120,TKM 6,India,SAC,XI-adm,MR,5.888888888888889,0.469952348018978,MS,10.646666666666667,1.2,S,30.0,2.4,R,3.5823529411764703,0.3,1,0,0,1,/content/drive/MyDrive/consensus_results/CX120.fasta.gz
CX221,Zhongyouzao 81,China,EAS,XI-adm,MR,6.25,0.7359800721939873,S,22.2,1.5,S,29.555555555555557,2.6,S,26.547058823529408,1.6089592909704056,1,0,0,0,/content/drive/MyDrive/consensus_results/CX221.fasta.gz
CX235,NSIC RC 9,Philippines,SER-IRRI,XI-adm,MR,6.416666666666667,0.5,MS,11.342857142857142,0.2076655965729518,S,26.88888888888889,2.5,R,3.7647058823529407,0.3,1,0,0,1,/content/drive/MyDrive/consensus_results/CX235.fasta.gz
CX240,Carijo,Brazil,SAM,XI-adm,MR,6.444444444444445,0.3055555555555557,MR,8.513333333333334,0.5,S,31.555555555555557,1.4240006242195884,R,3.5000000000000004,0.4,1,1,0,1,/content/drive/MyDrive/consensus_results/CX240.fasta.gz
CX263,PADISENEMOK,Malaysia,SER,XI-adm,R,4.333333333333333,0.3,MS,13.71875,1.2,MS,11.11111111111111,0.8,S,16.63125,1.9,1,0,0,0,/content/drive/MyDrive/consensus_results/CX263.fasta.gz
CX273,NONA BOKRA,India,SAC,XI-adm,R,3.1666666666666665,0.3632415786283895,MS,11.455555555555557,0.7,S,34.22222222222222,1.481365736219265,R,3.6,0.2,1,0,0,1,/content/drive/MyDrive/consensus_results/CX273.fasta.gz
CX288,D 11,India,SAC,XI-adm,MS,11.166666666666666,0.9537935951882998,S,16.35333333333333,1.5,S,30.444444444444443,1.740051084818425,S,19.105555555555554,1.4,0,0,0,0,/content/drive/MyDrive/consensus_results/CX288.fasta.gz
CX303,LX 2007,China,EAS,XI-adm,R,1.5,0.1,S,15.61875,0.9,S,25.555555555555557,2.4,MS,13.6875,1.4,1,0,0,0,/content/drive/MyDrive/consensus_results/CX303.fasta.gz
CX542,RR2-6,China,EAS,XI-adm,MS,12.555555555555555,1.2,MR,8.6,0.9,S,32.44444444444444,2.403700850309326,R,3.1,0.2,0,1,0,1,/content/drive/MyDrive/consensus_results/CX542.fasta.gz
IRIS_313-8341,BAT DO::IRGC 7014-1,Viet Nam,SEA,XI-adm,R,4.9375,0.3141819814380154,MR,9.946666666666667,0.5777711003887647,S,24.0,1.5,R,4.1,0.2150581316760657,1,1,0,1,/content/drive/MyDrive/consensus_results/IRIS_313-8341.fasta.gz
IRIS_313-8386,ARC 10812::IRGC 21074-1,India,SAC,XI-adm,S,32.22222222222222,3.2,S,40.44444444444444,1.2574776339959253,S,41.94444444444444,3.4,S,16.0,0.49874843358149945,0,0,0,0,/content/drive/MyDrive/consensus_results/IRIS_313-8386.fasta.gz
IRIS_313-8453,ARC 18597::IRGC 43299-1,India,SAC,XI-adm,S,19.857142857142858,1.56694670951384,S,19.5,0.3020761493398644,S,37.714285714285715,2.9,MR,7.666666666666667,0.3,0,0,0,1,/content/drive/MyDrive/consensus_results/IRIS_313-8453.fasta.gz
IRIS_313-8986,ARC 10754::IRGC 12603-1,India,SAC,XI-adm,S,22.77777777777778,1.84619701176265,S,17.74375,1.2,S,38.44444444444444,1.130388330520878,S,24.52777777777778,1.6217274740226855,0,0,0,0,/content/drive/MyDrive/consensus_results/IRIS_313-8986.fasta.gz
IRIS_313-9023,CR 60-10::IRGC 15777-1,India,SAC,XI-adm,S,18.0,1.024017143953709,S,23.733333333333334,2.2,S,17.933333333333334,1.9780040444852396,MR,6.694444444444445,0.4,0,0,0,1,/content/drive/MyDrive/consensus_results/IRIS_313-9023.fasta.gz
IRIS_313-9602,HTA 22::IRGC 45827-1,Thailand,SEA,XI-adm,R,4.655555555555555,0.3283422634619379,MS,11.470588235294118,1.224603110308711,S,28.688888888888886,2.687212516923646,S,15.444444444444445,0.7696499926012549,1,0,0,0,/content/drive/MyDrive/consensus_results/IRIS_313-9602.fasta.gz
IRIS_313-10177,DA GANG ZHAN::IRGC 67103-1,China,EAS,XI-adm,MS,13.777777777777779,1.3439967114892166,S,17.30909090909091,1.4,S,20.916666666666668,1.4958832396502966,S,23.8,1.7440971876589857,0,0,0,0,/content/drive/MyDrive/consensus_results/IRIS_313-10177.fasta.gz
IRIS_313-10235,PSBRC 68::IRGC 99711-1,Philippines,SER-IRRI,XI-adm,R,1.9714285714285715,0.2,MS,13.041666666666666,1.1234557302260608,S,18.9,1.9,MR,6.444444444444445,0.4,1,0,0,1,/content/drive/MyDrive/consensus_results/IRIS_313-10235.fasta.gz
IRIS_313-10301,IRGA 959-1-2-2F-4-1-4A-6-CA-6X::IRGC 117006-1,Brazil,SAM,XI-adm,MR,5.316666666666666,0.3336109954667213,S,20.39090909090909,1.5785673884886893,S,38.916666666666664,2.5380438661825107,S,20.388888888889,1.8,1,0,0,0,/content/drive/MyDrive/consensus_results/IRIS_313-10301.fasta.gz
IRIS_313-10337,B 6149 F-MR-7::IRGC 117314-1,Indonesia,SER,XI-adm,MS,11.462499999999999,0.7739688480667559,S,23.75,2.0267849276272853,S,44.333333333333336,3.24817897700645,S,16.1666666666667,1.4,0,0,0,0,/content/drive/MyDrive/consensus_results/IRIS_313-10337.fasta.gz
IRIS_313-10609,MATHOLUWA::IRGC 8901-1,Sri Lanka,IOC,XI-adm,S,42.25,4.5,S,23.9,1.81170667823734,S,42.833333333333336,2.9,MR,7.82111111111111,0.5,0,0,0,1,/content/drive/MyDrive/consensus_results/IRIS_313-10609.fasta.gz
IRIS_313-10614,HAM MOON::IRGC 9135-2,Hong Kong,EAS,XI-adm,R,4.833333333333333,0.5,S,20.72142857142857,0.29261749776799073,S,40.166666666666664,3.0605010483034745,S,25.3222222222222,2.4,1,0,0,0,/content/drive/MyDrive/consensus_results/IRIS_313-10614.fasta.gz
IRIS_313-10725,ERNEST::IRGC 15884-2,Senegal,WAF,XI-adm,MR,5.25,0.5,S,15.423076923076923,1.1391090573094589,S,32.333333333333336,2.6583202716502514,R,2.5,0.2,1,0,0,1,/content/drive/MyDrive/consensus_results/IRIS_313-10725.fasta.gz
IRIS_313-10847,ARC 6015::IRGC 20314-2,India,SAC,XI-adm,S,16.6,0.9888264649460891,S,17.23846153846154,0.273861278752583,S,37.0,3.4,R,4.2222222222222,0.2,0,0,0,1,/content/drive/MyDrive/consensus_results/IRIS_313-10847.fasta.gz
IRIS_313-10858,ARC 10894::IRGC 21122-1,India,SAC,XI-adm,MS,10.612555555555556,1.0915213021679502,S,28.0,1.9,S,40.388888888888886,2.1,S,18.333333333333332,1.6,0,0,0,0,/content/drive/MyDrive/consensus_results/IRIS_313-10858.fasta.gz
IRIS_313-10859,ARC 10939::IRGC 21150-2,India,SAC,XI-adm,MS,10.6,0.9,S,34.63636363636363,0.574516705104773,S,26.5,2.6,S,31.688888888889,2.2,0,0,0,0,/content/drive/MyDrive/consensus_results/IRIS_313-10859.fasta.gz
IRIS_313-11239,B 737 G-KN-23-1::IRGC 39203-2,Indonesia,SER,XI-adm,R,2.625,0.08333333333333333,MS,12.958333333333334,1.308810953159818,S,23.0,1.7320508075688772,MS,11.2333333333333,0.9,1,0,0,0,/content/drive/MyDrive/consensus_results/IRIS_313-11239.fasta.gz
IRIS_313-11240,CR 157-392-4::IRGC 39247-2,India,SAC,XI-adm,R,2.6666666666666665,0.22047927592204922,S,19.166666666666668,0.24972206772953,S,23.61111111111111,2.595401917066235,S,18.666666666666668,1.5,1,0,0,0,/content/drive/MyDrive/consensus_results/IRIS_313-11240.fasta.gz
IRIS_313-11245,RP 20-12::IRGC 40031-2,India,SAC,XI-adm,R,2.2777777777777777,0.2222222222222223,MS,13.7,0.5230784942158411,S,19.72222222222222,1.1,MS,14.1094444444444,1.2,1,0,0,0,/content/drive/MyDrive/consensus_results/IRIS_313-11245.fasta.gz
IRIS_313-11256,ARC 12411::IRGC 41047-2,India,SAC,XI-adm,MR,5.416666666666667,0.4,MS,14.335714285714285,1.2,S,34.5,2.6457513110645907,R,4.6444444444444,0.2,1,0,0,1,/content/drive/MyDrive/consensus_results/IRIS_313-11256.fasta.gz
IRIS_313-11260,ARC 13591::IRGC 41177-2,India,SAC,XI-adm,MS,14.214285714285714,0.9222413461394466,S,21.166666666666668,0.6278822430289872,S,29.333333333333332,2.1,R,4.6666666666667,0.3,0,0,0,1,/content/drive/MyDrive/consensus_results/IRIS_313-11260.fasta.gz
IRIS_313-11266,ARC 14347::IRGC 41517-2,India,SAC,XI-adm,MS,14.8,0.870823365174208,S,29.153846153846153,2.5130907265755473,S,49.82000000000001,2.7,S,35.333333333333,2.9,0,0,0,0,/content/drive/MyDrive/consensus_results/IRIS_313-11266.fasta.gz
IRIS_313-11269,ARC 14632::IRGC 41650-2,India,SAC,XI-adm,MR,9.6,0.8928730157319248,S,25.28125,2.3299827133359687,S,39.666666666666664,3.7,S,36.5211111111111,3.156710539243569,1,0,0,0,/content/drive/MyDrive/consensus_results/IRIS_313-11269.fasta.gz
IRIS_313-11273,ARC 14860::IRGC 41793-2,India,SAC,XI-adm,MR,5.671428571428572,0.6,MS,13.657142857142857,0.21180441711898035,S,34.333333333333336,3.141125063837266,R,4.41444444444444,0.4141591213263077,1,0,0,1,/content/drive/MyDrive/consensus_results/IRIS_313-11273.fasta.gz
IRIS_313-11279,ARC 15455::IRGC 42040-2,India,SAC,XI-adm,MR,8.166666666666666,0.8,S,18.03125,1.7012862780849074,S,37.0,3.4641016151377544,MR,6.366666666667,0.2,1,0,0,1,/content/drive/MyDrive/consensus_results/IRIS_313-11279.fasta.gz
IRIS_313-11338,LOBANG (WHITE)::IRGC 44548-2,Philippines,SER,XI-adm,MS,10.166666666666666,1.1,S,25.46875,2.0330771696563255,S,30.0,1.4,MR,7.6428571428571,0.22047927592204933,0,0,0,1,/content/drive/MyDrive/consensus_results/IRIS_313-11338.fasta.gz
IRIS_313-11345,WAGWAG::IRGC 44802-1,Philippines,SER,XI-adm,MR,9.875,0.9,S,22.357142857142858,0.4265494630689899,S,30.166666666666668,2.7688746209726918,S,42.7177777777777,1.5594024852843729,1,0,0,0,/content/drive/MyDrive/consensus_results/IRIS_313-11345.fasta.gz
IRIS_313-11493,AR 133::IRGC 53942-1,India,SAC,XI-adm,R,3.9166666666666665,0.3402069087198856,S,17.11111111111111,1.3,S,24.666666666666668,1.8,R,2.777777777778,0.1,1,0,0,1,/content/drive/MyDrive/consensus_results/IRIS_313-11493.fasta.gz
IRIS_313-11516,IR 3839-1::IRGC 55946-1,Philippines,SER-IRRI,XI-adm,S,25.25,2.4,MS,13.321428571428571,0.9,S,31.5,2.1,MR,5.555555555556,0.28771127502720123,0,0,0,1,/content/drive/MyDrive/consensus_results/IRIS_313-11516.fasta.gz
IRIS_313-11656,B 3913 B 16-20 ST 28::IRGC 63099-1,Indonesia,SER,XI-adm,MS,11.0,0.7302967433402214,S,15.0,0.3473110997362451,S,29.666666666666668,2.9,S,15.1222222222222,0.7,0,0,0,0,/content/drive/MyDrive/consensus_results/IRIS_313-11656.fasta.gz
IRIS_313-11664,CUN GU NUO::IRGC 63576-1,China,EAS,XI-adm,S,45.333333333333336,4.37,S,15.3125,0.05833333333333361,S,43.333333333333336,2.7,S,24.555555555556,1.9,0,0,0,0,/content/drive/MyDrive/consensus_results/IRIS_313-11664.fasta.gz
IRIS_313-11693,CHING CH'UNG::IRGC 65002-1,Taiwan,EAR,XI-adm,S,15.071428571428571,1.0157490003667407,MS,14.25,0.3051638903933425,S,46.333333333333336,2.9,MR,6.9444444444444,0.2,0,0,0,1,/content/drive/MyDrive/consensus_results/IRIS_313-11693.fasta.gz
IRIS_313-11722,KABERI::IRGC 66801-1,Bangladesh,SAE,XI-adm,MS,10.357142857142858,1.0788981249502496,S,21.571428571428573,0.4037153837929774,S,29.5,2.9,S,21.666666666667,0.35039660069381046,0,0,0,0,/content/drive/MyDrive/consensus_results/IRIS_313-11722.fasta.gz
IRIS_313-11730,QING ER XIAO 2::IRGC 67255-1,China,EAS,XI-adm,R,1.3333333333333333,0.1360827634879544,MR,5.26923076923077,0.4,S,23.833333333333332,2.6,R,4.1666666666667,0.2501388503300604,1,1,0,1,/content/drive/MyDrive/consensus_results/IRIS_313-11730.fasta.gz
IRIS_313-11731,QING TAI AI::IRGC 67273-1,China,EAS,XI-adm,MS,13.0,1.1690451944500122,S,15.585714285714285,0.07949493345141224,S,33.5,3.4,R,4.8888888888889,0.2,0,0,0,1,/content/drive/MyDrive/consensus_results/IRIS_313-11731.fasta.gz
IRIS_313-11740,UGAGA::IRGC 67604-1,Ghana,WAF,XI-adm,MS,10.125,0.9,S,18.34375,0.6736096792653735,S,39.125,2.3,S,42.6875,1.886869835939345,0,0,0,0,/content/drive/MyDrive/consensus_results/IRIS_313-11740.fasta.gz
IRIS_313-11744,AI JIAO AO FAN ZI::IRGC 67871-1,China,EAS,XI-adm,MR,6.125,0.5,S,24.28333333333333,0.4774789116925599,S,43.0,3.4,S,22.833333333333,1.916376789673676,1,0,0,0,/content/drive/MyDrive/consensus_results/IRIS_313-11744.fasta.gz
IRIS_313-11747,E 4197::IRGC 68004-1,China,EAS,XI-adm,MR,6.666666666666667,0.5,S,15.46875,1.626366946431349,S,36.166666666666664,3.600925806881706,MR,8.65111111111111,0.3,1,0,0,1,/content/drive/MyDrive/consensus_results/IRIS_313-11747.fasta.gz
IRIS_313-11748,GAO JIAO YING GAN ZHAN::IRGC 68053-1,China,EAS,XI-adm,MR,8.277777777777779,0.8,S,26.666666666666668,2.2,S,25.38888888888889,1.6,S,26.0,2.836676948669182,1,0,0,0,/content/drive/MyDrive/consensus_results/IRIS_313-11748.fasta.gz
IRIS_313-11750,L 10595::IRGC 68109-1,China,EAS,XI-adm,MR,7.833333333333333,0.8,S,20.153846153846153,0.1991300524224753,S,31.166666666666668,2.5,S,17.2444444444444,1.3,1,0,0,0,/content/drive/MyDrive/consensus_results/IRIS_313-11750.fasta.gz
IRIS_313-11751,L 10833::IRGC 68121-1,China,EAS,XI-adm,MS,12.25,1.0736748938937606,S,20.6,0.4489184533718538,S,33.333333333333336,3.2041639575194445,MR,6.43333333333333,0.07905694150420957,0,0,0,1,/content/drive/MyDrive/consensus_results/IRIS_313-11751.fasta.gz
IRIS_313-11763,PJ 110::IRGC 68981-1,Cameroon,WAF,XI-adm,S,23.125,2.2,S,20.044444444444444,0.6773621220916065,S,27.0,2.3,R,4.8,0.2,0,0,0,1,/content/drive/MyDrive/consensus_results/IRIS_313-11763.fasta.gz
IRIS_313-11801,FAN WU::IRGC 70245-1,China,EAS,XI-adm,R,2.25,0.2,MS,14.954545454545455,0.3279778109025747,S,34.166666666666664,3.488074922742725,S,17.533333333333,1.981476722043435,1,0,0,0,/content/drive/MyDrive/consensus_results/IRIS_313-11801.fasta.gz
IRIS_313-11807,R 582::IRGC 70504-1,Colombia,SAM,XI-adm,S,15.666666666666666,1.544404475901693,S,17.941666666666666,0.9834392598314264,S,26.333333333333332,2.503331114069145,MR,5.577777777777778,0.4,0,0,0,1,/content/drive/MyDrive/consensus_results/IRIS_313-11807.fasta.gz
IRIS_313-11835,E NOI NAH::IRGC 71138-1,Thailand,SEA,XI-adm,S,19.75,1.6,S,28.923076923076923,1.1399317718374398,S,28.0,1.6,S,29.86111111111111,2.2800919815754024,0,0,0,0,/content/drive/MyDrive/consensus_results/IRIS_313-11835.fasta.gz
IRIS_313-12355,NASAENG::IRGC 107819-1,Lao People's Democratic Republic,SEA,XI-adm,S,17.166666666666668,2.09938262529902,S,18.764705882352942,0.15229722402080875,S,28.833333333333332,2.041241452319315,S,16.77777777777778,1.7,0,0,0,0,/content/drive/MyDrive/consensus_results/IRIS_313-12355.fasta.gz
B001,Heibiao,China,EAS,GJ-tmp,R,2.25,0.3,S,15.8875,0.9,S,35.5,1.8708286933869707,MR,5.13125,0.2,1,0,0,1,/content/drive/MyDrive/consensus_results/B001.fasta.gz
B004,Qiuguangtengxi 104,Japan,EAR,GJ-tmp,R,1.0,0.0,MR,5.369230769230769,0.3,MR,9.444444444444445,0.7,R,2.74666666666667,0.1,1,1,1,1,/content/drive/MyDrive/consensus_results/B004.fasta.gz
B016,Aomierte 168,Hungary,EUR,GJ-tmp,S,16.27777777777778,1.561496591395022,R,3.357142857142857,0.2,S,25.77777777777778,1.8,R,2.3285714285714283,0.2,0,1,0,1,/content/drive/MyDrive/consensus_results/B016.fasta.gz
B045,Gongchengxiang,Japan,EAR,GJ-tmp,R,0.5,0.0,MR,6.583333333333335,0.3,S,16.0,1.3,R,1.0785714285714287,0.1,1,1,0,1,/content/drive/MyDrive/consensus_results/B045.fasta.gz
B046,Qiutianxiaoting,Japan,EAR,GJ-tmp,R,0.5,0.0,MS,10.112500000000002,0.3,MS,13.444444444444445,0.8,R,1.3333333333333333,0.1,1,0,0,1,/content/drive/MyDrive/consensus_results/B046.fasta.gz
B160,Shuiyuan 300Li,China,EAS,GJ-tmp,R,0.5,0.1,MR,7.7,0.3,S,15.833333333333334,0.5,R,2.228571428571428,0.1,1,1,0,1,/content/drive/MyDrive/consensus_results/B160.fasta.gz
B162,Baigedao,China,EAS,GJ-tmp,R,4.055555555555555,0.21154925294066432,MR,8.285714285714285,0.7,MS,13.61111111111111,0.9,MR,7.7625,0.2,1,1,0,1,/content/drive/MyDrive/consensus_results/B162.fasta.gz
B167,Qingjinzaosheng,Democratic People's Republic of Korea,EAR,GJ-tmp,MR,7.666666666666667,0.8,S,20.1125,1.3,S,22.5,1.6431676725154984,MS,10.126666666666665,1.1,1,0,0,0,/content/drive/MyDrive/consensus_results/B167.fasta.gz
B182,Chimao,Japan,EAR,GJ-tmp,R,2.4444444444444446,0.1,S,16.86923076923077,1.3,S,19.5,1.2,R,2.9722222222222223,0.3,1,0,0,1,/content/drive/MyDrive/consensus_results/B182.fasta.gz
B183,Qingnuo Kyohatamochi,Japan,EAR,GJ-tmp,R,1.2222222222222223,0.14698618394803278,MR,5.5,0.2,MS,11.11111111111111,0.9,R,2.6,0.2,1,1,0,1,/content/drive/MyDrive/consensus_results/B183.fasta.gz
B204,Longhuamaohu,China,EAS,GJ-tmp,S,21.666666666666668,2.17062819476142,S,23.305555555555557,1.1598611027954053,S,33.0,1.7888543819998317,S,24.400000000000002,1.7,0,0,0,0,/content/drive/MyDrive/consensus_results/B204.fasta.gz
B226,Heimangdao,China,EAS,GJ-tmp,MS,13.333333333333334,0.5091750772173156,S,22.6,0.6746109990209178,S,25.22222222222222,1.7873008824606014,S,18.7,1.7747848069867815,0,0,0,0,/content/drive/MyDrive/consensus_results/B226.fasta.gz
B250,Annongwangeng B,China,EAS,GJ-tmp,S,21.11111111111111,2.12354157867537,S,22.094444444444445,0.657647321898295,S,30.0,2.5,S,24.694117647058825,1.8865385704452973,0,0,0,0,/content/drive/MyDrive/consensus_results/B250.fasta.gz
CX140,Nipponbare,Japan,EAR,GJ-tmp,MS,11.916666666666666,0.0,MR,7.058333333333334,0.1,MS,10.833333333333334,1.0,R,2.225,0.2,0,1,0,1,/content/drive/MyDrive/consensus_results/CX140.fasta.gz
CX317,MR 19,Malaysia,SER,GJ-tmp,R,3.7777777777777777,0.4258252699098857,MR,9.75625,0.9,S,19.0,1.6,R,2.9588235294117644,0.2,1,1,0,1,/content/drive/MyDrive/consensus_results/CX317.fasta.gz
CX344,Hexi 41,China,EAS,GJ-tmp,MR,5.222222222222222,0.534316223935315,S,15.26875,0.390067657948949,S,21.0,2.2,R,2.7470588235294113,0.2,1,0,0,1,/content/drive/MyDrive/consensus_results/CX344.fasta.gz
CX383,Hongza,China,EAS,GJ-tmp,R,3.6666666666666665,0.5068968775248516,MR,9.666666666666666,0.7055336829505575,S,19.77777777777778,1.3,MR,5.770588235294118,0.4,1,1,0,1,/content/drive/MyDrive/consensus_results/CX383.fasta.gz
CX389,Jinyuan 85,China,EAS,GJ-tmp,R,2.1666666666666665,0.276385399196283,MS,12.333333333333332,1.2,S,20.88888888888889,1.9,R,1.7444444444444445,0.2,1,0,0,1,/content/drive/MyDrive/consensus_results/CX389.fasta.gz
IRIS_313-8125,PLOVDIV 22::GERVEX 1167-C1,Bulgaria,EUR,GJ-tmp,R,3.888888888888889,0.3977172517576764,S,20.821428571428573,1.4,S,17.444444444444443,1.2,R,3.761111111111111,0.2,1,0,0,1,/content/drive/MyDrive/consensus_results/IRIS_313-8125.fasta.gz
IRIS_313-8755,NORIN 6::IRGC 2633-1,Japan,EAR,GJ-tmp,MR,6.133333333333333,0.7,S,16.125,1.1,S,16.5,1.4,MR,6.6,0.3,1,0,0,1,/content/drive/MyDrive/consensus_results/IRIS_313-8755.fasta.gz
IRIS_313-10097,MAEKJO::IRGC 77666-1,Republic of Korea,EAR,GJ-tmp,MR,5.8,0.8,S,21.464285714285715,0.6041522986797284,S,20.577777777777776,2.1,R,2.4,0.2,1,0,0,1,/content/drive/MyDrive/consensus_results/IRIS_313-10097.fasta.gz
IRIS_313-10642,SACHIKAZE::IRGC 10891-1,Japan,EAR,GJ-tmp,MR,9.916666666666666,0.34020690871988585,MS,11.130769230769232,0.4,S,29.6,2.8,R,2.1111111111111,0.2,1,0,0,1,/content/drive/MyDrive/consensus_results/IRIS_313-10642.fasta.gz
IRIS_313-11202,4583::IRGC 36894-2,China,EAS,GJ-tmp,R,3.3333333333333335,0.27656947700845,S,25.707692307692305,2.08154227259303,MS,12.875,1.1,R,3.1333333333333,0.2,1,0,0,1,/content/drive/MyDrive/consensus_results/IRIS_313-11202.fasta.gz
IRIS_313-11651,FEI ZHAO 12::IRGC 62683-1,China,EAS,GJ-tmp,R,2.1666666666666665,0.2,MS,12.454545454545455,0.41833001326703756,MS,14.833333333333334,1.1,R,2.6111111111111,0.3,1,0,0,1,/content/drive/MyDrive/consensus_results/IRIS_313-11651.fasta.gz
IRIS_313-11652,GONG SHE 9::IRGC 62693-1,China,EAS,GJ-tmp,S,23.75,1.6,S,22.25,0.7009418267191962,S,22.5,1.9,MR,8.2,0.4,0,0,0,1,/content/drive/MyDrive/consensus_results/IRIS_313-11652.fasta.gz
IRIS_313-11655,SI WAN 14::IRGC 63019-1,China,EAS,GJ-tmp,MR,6.375,0.36955929710139085,MR,6.944444444444445,0.11180339887498929,S,30.25,2.5,R,4.1111111111111,0.1,1,1,0,1,/content/drive/MyDrive/consensus_results/IRIS_313-11655.fasta.gz
IRIS_313-11725,ZUIHOU::IRGC 66982-1,Japan,EAR,GJ-tmp,R,4.583333333333333,0.5,MR,6.686666666666667,0.5,S,19.833333333333332,2.041241452319315,R,3.1111111111111,0.1,1,1,0,1,/content/drive/MyDrive/consensus_results/IRIS_313-11725.fasta.gz
IRIS_313-11691,SHANGYIPA::IRGC 64928-1,Bhutan,SAE,GJ-sbtrp,MS,11.685714285714285,1.2,S,29.0,2.83136724942937,S,26.944444444444443,2.5,MS,12.944444444444445,1.448490593687096,0,0,0,0,/content/drive/MyDrive/consensus_results/IRIS_313-11691.fasta.gz
IRIS_313-11900,PLE LIA::IRGC 73562-1,Thailand,SEA,GJ-sbtrp,MS,12.9,1.1,S,21.53846153846154,1.5,S,28.833333333333332,2.041241452319315,S,23.142857142857142,2.1,0,0,0,0,/content/drive/MyDrive/consensus_results/IRIS_313-11900.fasta.gz
IRIS_313-11924,NAM JAM::IRGC 75069-1,Thailand,SEA,GJ-sbtrp,S,18.083333333333332,1.8,R,2.12,0.2,S,29.166666666666668,2.5,S,22.857142857142858,2.2,0,1,0,0,/content/drive/MyDrive/consensus_results/IRIS_313-11924.fasta.gz
IRIS_313-12349,MAK KHEUA DENG::IRGC 107709-1,Lao People's Democratic Republic,SEA,GJ-sbtrp,R,3.75,0.3,S,33.333333333333336,1.7035705966521528,S,43.55555555555556,3.7,R,4.875,0.3,1,0,0,1,/content/drive/MyDrive/consensus_results/IRIS_313-12349.fasta.gz
B018,American Huangkedao,United States of America,NAM,GJ-trp,MR,5.555555555555555,0.6425018614566876,MR,9.8,1.1,S,27.333333333333332,1.7320508075688772,MS,11.185714285714287,1.2,1,1,0,0,/content/drive/MyDrive/consensus_results/B018.fasta.gz
B190,ITA 221,Nigeria,WAF,GJ-trp,S,20.555555555555557,1.1915339216404006,MR,9.56,0.9,S,33.44444444444444,1.130388330520878,MS,13.62142857142857,1.3,0,1,0,0,/content/drive/MyDrive/consensus_results/B190.fasta.gz
B191,80 A 60 YR 71009-1-5,Australia,OCE,GJ-trp,R,2.25,0.2,MR,6.5352941176470605,0.3,S,20.72222222222222,1.8,S,16.033333333333335,1.3,1,1,0,0,/content/drive/MyDrive/consensus_results/B191.fasta.gz
CX106,SAL BUI BAO,Viet Nam,SEA,GJ-trp,MR,9.777777777777779,1.139904696037955,R,3.986666666666667,0.2,S,20.22222222222222,1.3,R,2.3733333333333335,0.2,1,1,0,1,/content/drive/MyDrive/consensus_results/CX106.fasta.gz
CX111,Giza 14,Egypt,NAF,GJ-trp,S,16.714285714285715,1.5,S,21.6,2.2,S,26.75,2.5,R,3.8,0.3,0,0,0,1,/content/drive/MyDrive/consensus_results/CX111.fasta.gz
CX220,IRAT 109,Cote d'Ivoire,WAF,GJ-trp,MR,5.4375,0.5227939288701544,R,1.5,0.1,R,4.125,0.5,R,0.7,0.1,1,1,1,1,/content/drive/MyDrive/consensus_results/CX220.fasta.gz
CX262,IAC 3,Brazil,SAM,GJ-trp,R,4.5,0.4,S,27.285714285714285,2.2,S,47.0,2.9,MS,10.166666666666666,0.9,1,0,0,0,/content/drive/MyDrive/consensus_results/CX262.fasta.gz
CX269,IAC 165,Brazil,SAM,GJ-trp,MR,9.055555555555555,0.7380739030881341,R,3.5,0.2,R,4.75,0.4,R,2.0375,0.1,1,1,1,1,/content/drive/MyDrive/consensus_results/CX269.fasta.gz
CX285,Nonglinnuo,China,EAS,GJ-trp,R,2.6666666666666665,0.2,S,16.705882352941,1.2,S,27.5,2.16794833886788,R,4.37058823529,0.3,1,0,0,1,/content/drive/MyDrive/consensus_results/CX285.fasta.gz
CX355,Yunlu 102,China,EAS,GJ-trp,R,1.5833333333333333,0.2,R,1.41875,0.1,R,2.2222222222222223,0.1,R,0.9500000000000001,0.1,1,1,1,1,/content/drive/MyDrive/consensus_results/CX355.fasta.gz
CX367,Haogelao,China,EAS,GJ-trp,R,4.833333333333333,0.5,R,4.066666666666666,0.2,MR,7.111111111111111,0.2,MR,7.01111111111111,0.5,1,1,1,1,/content/drive/MyDrive/consensus_results/CX367.fasta.gz
IRIS_313-7902,IR 63380-16::C1,Philippines,SER-IRRI,GJ-trp,MR,9.0,0.9,S,42.28125,2.071985762499348,S,28.0,2.0,S,37.5,2.9,1,0,0,0,/content/drive/MyDrive/consensus_results/IRIS_313-7902.fasta.gz
IRIS_313-7914,IRAT 112::C1,Cote d'Ivoire,WAF,GJ-trp,S,15.299999999999999,1.8,MR,6.0,0.4,MR,8.75,0.8,R,3.6666666666666665,0.2,0,1,1,1,/content/drive/MyDrive/consensus_results/IRIS_313-7914.fasta.gz
IRIS_313-8356,BLICCA::IRGC 47151-1,Philippines,SER,GJ-trp,MR,5.514285714285714,0.5,S,26.0,2.10768295371441,S,42.125,3.1,S,17.5,1.2,1,0,0,0,/content/drive/MyDrive/consensus_results/IRIS_313-8356.fasta.gz
IRIS_313-8923,CALIFORNIA BELLE::IRGC 66836-1,United States of America,NAM,GJ-trp,MR,8.333333333333334,0.6,S,18.447058823529414,1.6,S,21.237499999999997,2.5,MR,7.166666666666667,0.4,1,0,0,1,/content/drive/MyDrive/consensus_results/IRIS_313-8923.fasta.gz
IRIS_313-10577,IFUGAO RICE::IRGC 8052-1,Philippines,SER,GJ-trp,MS,14.9,1.582894676077836,S,28.892857142857142,1.28807310029072,S,42.5,3.3,S,35.2666666666667,1.425974325777915,0,0,0,0,/content/drive/MyDrive/consensus_results/IRIS_313-10577.fasta.gz
IRIS_313-10582,QINOGNAS::IRGC 8135-1,Philippines,SER,GJ-trp,R,3.2,0.2,S,18.153846153846153,1.2,S,24.75,1.707825127659933,S,21.5,1.9,1,0,0,0,/content/drive/MyDrive/consensus_results/IRIS_313-10582.fasta.gz
IRIS_313-11436,SAKAZELE (538)::IRGC 50880-1,Cote d'Ivoire,WAF,GJ-trp,S,22.9,2.2803508501982748,MR,5.033333333333333,0.5,S,30.5,2.9,S,22.388888888889,1.8118437509282546,0,1,0,0,/content/drive/MyDrive/consensus_results/IRIS_313-11436.fasta.gz
IRIS_313-11673,BURI BURING::IRGC 64174-1,Philippines,SER,GJ-trp,MR,6.833333333333333,0.34426518632954756,S,36.25,1.4128871150944728,S,28.46666666666667,2.2,MR,5.444444444444,0.3,1,0,0,1,/content/drive/MyDrive/consensus_results/IRIS_313-11673.fasta.gz
IRIS_313-11736,MALAGKIT (PINELIPE)::IRGC 67444-1,Philippines,SER,GJ-trp,R,2.25,0.2,S,25.966666666666665,0.7476816018719317,S,35.333333333333336,3.2,S,30.955555555556,2.4,1,0,0,0,/content/drive/MyDrive/consensus_results/IRIS_313-11736.fasta.gz
IRIS_313-11739,NAKPUI::IRGC 67594-1,Ghana,WAF,GJ-trp,MS,10.333333333333334,1.1,R,4.985714285714286,0.3,MR,6.333333333333333,0.7,R,3.5555555555556,0.2,0,1,1,1,/content/drive/MyDrive/consensus_results/IRIS_313-11739.fasta.gz
IRIS_313-11790,VARIRANGAHY::IRGC 69897-1,Madagascar,IOC,GJ-trp,MR,6.222222222222222,0.7,R,1.5411764705882351,0.1,S,33.166666666666664,2.4,R,1.3333333333333,0.1,1,1,0,1,/content/drive/MyDrive/consensus_results/IRIS_313-11790.fasta.gz
IRIS_313-11929,GILINGAN MARANGRAS::IRGC 75213-1,Philippines,SER,GJ-trp,S,18.125,1.49582985531199,S,26.5,0.7110731326663947,S,34.5,1.2909944487358056,MR,5.517647058823529,0.3,0,0,0,1,/content/drive/MyDrive/consensus_results/IRIS_313-11929.fasta.gz
IRIS_313-15910,CYPRESS::IRTP 19532-G1,United States of America,NAM,GJ-trp,R,1.1666666666666667,0.08333333333333333,MS,12.342857142857143,0.35541446853560266,S,21.833333333333332,2.714160398109643,R,3.0500000000000003,0.3,1,0,0,1,/content/drive/MyDrive/consensus_results/IRIS_313-15910.fasta.gz
B070,Laoguangtou 83,China,EAS,GJ-adm,R,3.022222222222222,0.2,MR,6.8428571428571425,0.4,S,19.666666666666668,2.2,R,2.1166666666666667,0.1,1,1,0,1,/content/drive/MyDrive/consensus_results/B070.fasta.gz
CX109,Dacca 6,India,SAC,GJ-adm,S,18.0,1.3591255358583407,R,4.1909090909090905,0.3,S,35.111111111111114,1.763834207376394,MR,5.459999999999999,0.2,0,1,0,1,/content/drive/MyDrive/consensus_results/CX109.fasta.gz
CX138,Qd_441,China,EAS,GJ-adm,R,2.388888888888889,0.2,MS,10.46875,0.6,S,26.333333333333332,2.692582403567252,R,3.01764705882353,0.2,1,0,0,1,/content/drive/MyDrive/consensus_results/CX138.fasta.gz
CX142,Ai Yeh Lu,China,EAS,GJ-adm,MR,6.277777777777778,0.32394177193585,MS,14.886666666666668,1.3,S,35.111111111111114,1.7638342073763935,R,4.578571428571428,0.4,1,0,0,1,/content/drive/MyDrive/consensus_results/CX142.fasta.gz
CX307,HP 121,China,EAS,GJ-adm,MR,6.5,0.8,MS,10.76875,0.6,S,30.0,2.6,R,4.029411764705882,0.3,1,0,0,1,/content/drive/MyDrive/consensus_results/CX307.fasta.gz
CX353,CAU 1,Viet Nam,SEA,GJ-adm,R,2.611111111111111,0.2,R,1.29375,0.1,R,3.1666666666666665,0.4,R,1.2888888888888888,0.1,1,1,1,1,/content/drive/MyDrive/consensus_results/CX353.fasta.gz
CX227,KASALATH,India,SAC,cA(Aus),R,2.388888888888889,0.273579383383225,MR,5.694117647058825,0.2,MR,6.166666666666667,0.4,R,2.9444444444444446,0.2,1,1,1,1,/content/drive/MyDrive/consensus_results/CX227.fasta.gz
IRIS_313-8864,NOROI::IRGC 31611-1,Bangladesh,SAE,cA(Aus),MS,11.78,1.2,MR,8.375,0.1445779297741452,S,17.3,1.8,MS,11.833333333333334,1.2,0,1,0,0,/content/drive/MyDrive/consensus_results/IRIS_313-8864.fasta.gz
IRIS_313-10020,HODARAWALA::IRGC 67631-1,Sri Lanka,IOC,cA(Aus),MS,10.75,0.7867957924694431,S,29.71875,0.3982601048449507,S,19.96666666666667,1.9,MR,5.7,0.35949424350205017,0,0,0,1,/content/drive/MyDrive/consensus_results/IRIS_313-10020.fasta.gz
IRIS_313-10602,DM 49::IRGC 8775-1,Bangladesh,SAE,cA(Aus),S,30.5,2.5900450446533423,S,41.0,2.2,S,38.214285714285715,3.9,S,28.5,2.2567183647450966,0,0,0,0,/content/drive/MyDrive/consensus_results/IRIS_313-10602.fasta.gz
IRIS_313-10603,UCP 122::IRGC 8794-1,Bangladesh,SAE,cA(Aus),R,3.1666666666666665,0.2,MR,7.888888888888889,0.50798798993154,MR,6.277777777777778,0.7,S,17.0,1.7,1,1,1,0,/content/drive/MyDrive/consensus_results/IRIS_313-10603.fasta.gz
IRIS_313-10605,DV 86::IRGC 8840-1,Bangladesh,SAE,cA(Aus),R,1.75,0.2,R,0.5785714285714285,0.1,R,4.625,0.4,R,1.8888888888889,0.1,1,1,1,1,/content/drive/MyDrive/consensus_results/IRIS_313-10605.fasta.gz
IRIS_313-10718,KARUTHA SEENATI::IRGC 15515-2,Sri Lanka,IOC,cA(Aus),S,48.6,4.0023141454062,S,42.40625,2.4,S,48.5,2.8,S,43.2888888888889,3.3,0,0,0,0,/content/drive/MyDrive/consensus_results/IRIS_313-10718.fasta.gz
IRIS_313-10852,ARC 7336::IRGC 20606-1,India,SAC,cA(Aus),R,4.788888888888889,0.5,MS,14.055555555555555,1.31169275858617,MS,11.833333333333334,1.24,MR,7.75,0.2,1,0,0,1,/content/drive/MyDrive/consensus_results/IRIS_313-10852.fasta.gz
IRIS_313-10861,ARC 11276::IRGC 21278-1,India,SAC,cA(Aus),MS,10.444444444444445,0.47466687473986213,S,28.913333333333334,2.5,S,36.666666666666664,1.5811388300841898,S,21.444444444444,2.2395591083961146,0,0,0,0,/content/drive/MyDrive/consensus_results/IRIS_313-10861.fasta.gz
IRIS_313-10871,ARC 11777::IRGC 21639-1,India,SAC,cA(Aus),S,18.0,1.7,S,29.0625,1.1958260743101397,S,38.333333333333336,1.0,S,32.5111111111111,1.317615691736826,0,0,0,0,/content/drive/MyDrive/consensus_results/IRIS_313-10871.fasta.gz
IRIS_313-10892,ARC 12920::IRGC 22450-1,India,SAC,cA(Aus),S,46.75,2.3,S,42.6,2.5712486158371504,S,29.433333333333334,2.8,MS,13.333333333333334,0.5,0,0,0,0,/content/drive/MyDrive/consensus_results/IRIS_313-10892.fasta.gz
IRIS_313-11027,JHONA 101::IRGC 27976-1,Pakistan,SAW,cA(Aus),S,19.555555555555557,2.1,S,36.888888888888886,1.56846085205989,S,45.07142857142857,3.8,S,39.2,1.976423537605237,0,0,0,0,/content/drive/MyDrive/consensus_results/IRIS_313-11027.fasta.gz
IRIS_313-11037,421::IRGC 28458-1,Pakistan,SAW,cA(Aus),S,27.444444444444443,2.74742355817076,S,36.285714285714285,1.5680623216072889,S,34.22222222222222,1.2018504251546631,MS,13.833333333333,0.6782841915041533,0,0,0,0,/content/drive/MyDrive/consensus_results/IRIS_313-11037.fasta.gz
IRIS_313-11050,AUS 233::IRGC 29036-1,Bangladesh,SAE,cA(Aus),R,1.35,0.2,MR,5.5,0.4,R,4.833333333333333,0.4,R,4.416666666666667,0.305779710674655,1,1,1,1,/content/drive/MyDrive/consensus_results/IRIS_313-11050.fasta.gz
IRIS_313-11051,AUS 242::IRGC 29040-1,Bangladesh,SAE,cA(Aus),MR,7.26,0.7,R,2.6666666666666665,0.2829654474391611,R,3.111111111111111,0.4,R,2.75,0.3,1,1,1,1,/content/drive/MyDrive/consensus_results/IRIS_313-11051.fasta.gz
IRIS_313-11052,AUS 278::IRGC 29068-1,Bangladesh,SAE,cA(Aus),R,3.516666666666667,0.3,S,27.666666666666668,1.37282063750672,S,15.722222222222221,1.2,R,4.642857142857143,0.5477225575051664,1,0,0,1,/content/drive/MyDrive/consensus_results/IRIS_313-11052.fasta.gz
IRIS_313-11053,AUS 282::IRGC 29072-1,Bangladesh,SAE,cA(Aus),R,0.75,0.1278019300845388,MR,7.375,0.796258612372751,MR,6.166666666666667,0.7,R,4.5,0.2,1,1,1,1,/content/drive/MyDrive/consensus_results/IRIS_313-11053.fasta.gz
IRIS_313-11055,AUS 299::IRGC 29087-1,Bangladesh,SAE,cA(Aus),R,4.155555555555555,0.3,R,4.5,0.3348921882901688,MR,5.4375,0.6,R,2.2142857142857144,0.1,1,1,1,1,/content/drive/MyDrive/consensus_results/IRIS_313-11055.fasta.gz
IRIS_313-11056,AUS 301::IRGC 29089-1,Bangladesh,SAE,cA(Aus),R,2.0,0.2,MR,6.055555555555555,0.29368350311176844,MR,7.833333333333333,0.9,MR,6.928571428571429,0.39086797998528583,1,1,1,1,/content/drive/MyDrive/consensus_results/IRIS_313-11056.fasta.gz
IRIS_313-11057,AUS 308::IRGC 29096-1,Bangladesh,SAE,cA(Aus),R,0.16,0.0,R,2.0555555555555554,0.2,R,1.7,0.2,R,2.0833333333333335,0.2,1,1,1,1,/content/drive/MyDrive/consensus_results/IRIS_313-11057.fasta.gz
IRIS_313-11058,AUS 329::IRGC 29116-1,Bangladesh,SAE,cA(Aus),R,0.875,0.1,MR,5.0,0.3,R,4.588888888888889,0.4,R,2.0,0.1,1,1,1,1,/content/drive/MyDrive/consensus_results/IRIS_313-11058.fasta.gz
IRIS_313-11112,HIJOL DIGA::IRGC 31655-1,Bangladesh,SAE,cA(Aus),S,24.625,2.3,R,2.9214285714285713,0.3,MR,7.5,0.8366600265340756,S,22.5555555555556,1.5457603307110714,0,1,1,0,/content/drive/MyDrive/consensus_results/IRIS_313-11112.fasta.gz
IRIS_313-11191,RANRUWAN::IRGC 36360-1,Sri Lanka,IOC,cA(Aus),S,29.5,1.1879019787470309,S,21.76111111111111,0.15161171165550225,S,45.333333333333336,3.3,MR,7.444444444444,0.5,0,0,0,1,/content/drive/MyDrive/consensus_results/IRIS_313-11191.fasta.gz
IRIS_313-11277,ARC 15129::IRGC 41938-1,India,SAC,cA(Aus),R,3.7222222222222223,0.4,S,32.8,1.3405792694868062,R,4.116666666666666,0.3,R,3.0555555555555554,0.3,1,0,1,1,/content/drive/MyDrive/consensus_results/IRIS_313-11277.fasta.gz
IRIS_313-11298,ARC 13544::IRGC 42743-1,India,SAC,cA(Aus),S,21.5,0.7226494462892933,S,28.5,1.2691040146497023,S,44.833333333333336,2.8,MS,11.2,1.2,0,0,0,0,/content/drive/MyDrive/consensus_results/IRIS_313-11298.fasta.gz
IRIS_313-11737,CHUNDI::IRGC 67486-1,India,SAC,cA(Aus),S,21.333333333333332,1.8,S,41.55555555555556,1.836342227848006,S,36.285714285714285,3.3,MR,9.625,0.4962358310319805,0,0,0,1,/content/drive/MyDrive/consensus_results/IRIS_313-11737.fasta.gz
IRIS_313-11809,MHARAKA::IRGC 70612-1,Kenya,EAF,cA(Aus),S,28.333333333333332,1.1238162496435777,S,22.75,0.5441609239104837,S,38.5,3.9,MR,5.638888888888889,0.3,0,0,0,1,/content/drive/MyDrive/consensus_results/IRIS_313-11809.fasta.gz
CX110,UP 15,Japan,EAR,cB(Bas),R,0.5,0.0,MS,14.738461538461536,1.6,S,27.77777777777778,1.481365736219265,R,3.6199999999999997,0.2,1,0,0,1,/content/drive/MyDrive/consensus_results/CX110.fasta.gz
CX149,Karnal Local,India,SAC,cB(Bas),R,1.9444444444444444,0.2,S,19.207142857142856,0.9390080463505686,S,19.166666666666668,1.2,R,3.725,0.2,1,0,0,1,/content/drive/MyDrive/consensus_results/CX149.fasta.gz
IRIS_313-8326,JC 1::IRGC 9091-1,India,SAC,cB(Bas),R,4.555555555555555,0.2,MR,6.35625,0.37666297933298315,S,21.444444444444443,2.4,R,3.116666666666667,0.2,1,1,0,1,/content/drive/MyDrive/consensus_results/IRIS_313-8326.fasta.gz
IRIS_313-11062,BEGUNBICHI 33::IRGC 29260-1,Bangladesh,SAE,cB(Bas),R,4.916666666666667,0.5,MR,5.5625,0.555161133700033,MR,9.8125,1.1,R,4.333333333333333,0.3,1,1,1,1,/content/drive/MyDrive/consensus_results/IRIS_313-11062.fasta.gz
IRIS_313-11270,ARC 14663::IRGC 41671-2,India,SAC,cB(Bas),MR,7.666666666666667,0.8,S,17.714285714285715,0.6873863542433761,S,27.444444444444443,2.4,S,21.125,1.9873733362853019,1,0,0,0,/content/drive/MyDrive/consensus_results/IRIS_313-11270.fasta.gz
IRIS_313-11289,ARC 18578::IRGC 42459-2,India,SAC,cB(Bas),MR,6.375,0.5,S,19.0,1.8032955941830575,S,23.22222222222222,2.3,MR,6.5,0.6428020258558965,1,0,0,1,/content/drive/MyDrive/consensus_results/IRIS_313-11289.fasta.gz
IRIS_313-12094,KASHA::IRGC 83865-1,Bangladesh,SAE,cB(Bas),S,29.0,3.1,S,34.125,2.8,S,35.833333333333336,2.8,MS,11.0,0.9,0,0,0,0,/content/drive/MyDrive/consensus_results/IRIS_313-12094.fasta.gz
CX108,Ziri,India,SAC,Admix,R,4.5,0.6,S,15.856250000000001,1.2,S,30.0,2.4,MR,7.858823529411766,0.4,1,0,0,1,/content/drive/MyDrive/consensus_results/CX108.fasta.gz
CX112,Ginga,Japan,EAR,Admix,R,3.1888888888888887,0.36264630934150216,R,2.3125,0.2,R,1.6666666666666667,0.1,R,2.7133333333333334,0.3,1,1,1,1,/content/drive/MyDrive/consensus_results/CX112.fasta.gz
IRIS_313-7646,BETSILAIZINA::GERVEX 8405-C1,Madagascar,IOC,Admix,R,4.611111111111111,0.3,S,27.714285714285715,0.18837757592428916,S,36.22222222222222,1.3944333775567928,MR,9.222222222222221,0.7,1,0,0,1,/content/drive/MyDrive/consensus_results/IRIS_313-7646.fasta.gz
IRIS_313-10857,ARC 10825::IRGC 21082-1,India,SAC,Admix,MR,8.83333333333333,0.827759134763963,S,22.633333333333333,0.17931195659458385,S,47.5,2.073644135332772,S,27.22222222222,2.5755797621333936,1,0,0,0,/content/drive/MyDrive/consensus_results/IRIS_313-10857.fasta.gz
IRIS_313-10894,ARC 13204::IRGC 22558-1,India,SAC,Admix,MR,7.666666666666667,0.6,S,24.0,1.4,S,39.833333333333336,3.5449494589721118,S,22.1,1.2952906151816976,1,0,0,0,/content/drive/MyDrive/consensus_results/IRIS_313-10894.fasta.gz
IRIS_313-11033,RATRIO::IRGC 28181-1,Pakistan,SAW,Admix,MR,8.416666666666666,0.6447796063312955,S,25.318181818181817,0.9456405824154914,S,33.0,2.6076809620810595,MR,8.15222222222222,0.26100766272276393,1,0,0,1,/content/drive/MyDrive/consensus_results/IRIS_313-11033.fasta.gz
IRIS_313-11035,ZIRA SHAHI::IRGC 28327-1,Pakistan,SAW,Admix,MS,14.5,1.3,S,22.75,1.9,S,41.5,3.4,MR,8.666666666667,0.3,0,0,0,1,/content/drive/MyDrive/consensus_results/IRIS_313-11035.fasta.gz
IRIS_313-11066,GASMAL 339::IRGC 29333-1,Bangladesh,SAE,Admix,R,2.25,0.2,R,1.65,0.2,R,3.1666666666666665,0.3,R,1.0444444444444,0.1,1,1,1,1,/content/drive/MyDrive/consensus_results/IRIS_313-11066.fasta.gz
IRIS_313-11295,ARC 11397::IRGC 42664-1,India,SAC,Admix,R,2.2777777777777777,0.26498311150470716,S,17.166666666666668,1.1565333736838037,S,25.666666666666668,1.118033988749895,S,16.1666666666667,1.1388041973930374,1,0,0,0,/content/drive/MyDrive/consensus_results/IRIS_313-11295.fasta.gz
IRIS_313-11663,MARHARORA::IRGC 63511-1,Zimbabwe,EAF,Admix,MS,14.1,0.6055300708194994,S,28.153846153846153,2.21839556124259,S,33.75,2.4,MS,10.5,0.4,0,0,0,0,/content/drive/MyDrive/consensus_results/IRIS_313-11663.fasta.gz
IRIS_313-11754,AMBOHIMANDAY::IRGC 68330-1,Madagascar,IOC,Admix,S,17.125,1.8,S,30.75,0.7147746342573844,S,32.25,3.3,MR,9.5,1.1,0,0,0,1,/content/drive/MyDrive/consensus_results/IRIS_313-11754.fasta.gz
