id,locus,present,cov,idt
B015,Xa7,0,0.0,0.0
B015,Xa10,0,0.0,0.0
B015,Xa23,1,0.742,0.906
B015,Xa48,1,1.0,0.801
B061,Xa7,0,0.0,0.0
B061,Xa10,0,0.0,0.0
B061,Xa23,0,0.253,0.931
B061,Xa48,0,0.755,0.745
B081,Xa7,0,0.0,0.0
B081,Xa10,0,0.0,0.0
B081,Xa23,1,0.812,0.996
B081,Xa48,0,0.785,0.751
B094,Xa7,0,0.0,0.0
B094,Xa10,0,0.0,0.0
B094,Xa23,1,0.812,0.999
B094,Xa48,0,0.743,0.742
B149,Xa7,0,0.0,0.0
B149,Xa10,0,0.0,0.0
B149,Xa23,1,0.742,0.909
B149,Xa48,0,1.0,0.793
B157,Xa7,0,0.0,0.0
B157,Xa10,0,0.0,0.0
B157,Xa23,1,0.812,0.996
B157,Xa48,0,0.736,0.726
B197,Xa7,0,0.0,0.0
B197,Xa10,0,0.0,0.0
B197,Xa23,1,0.812,0.998
B197,Xa48,0,1.0,0.788
B208,Xa7,0,0.0,0.0
B208,Xa10,0,0.0,0.0
B208,Xa23,1,0.812,0.998
B208,Xa48,0,0.777,0.749
B210,Xa7,0,0.0,0.0
B210,Xa10,0,0.0,0.0
B210,Xa23,1,0.812,0.998
B210,Xa48,0,0.764,0.745
B216,Xa7,0,0.0,0.0
B216,Xa10,0,0.0,0.0
B216,Xa23,1,0.812,0.998
B216,Xa48,0,0.764,0.743
B221,Xa7,0,0.0,0.0
B221,Xa10,0,0.0,0.0
B221,Xa23,1,0.812,0.989
B221,Xa48,0,0.746,0.741
B261,Xa7,0,0.0,0.0
B261,Xa10,0,0.0,0.0
B261,Xa23,1,0.812,0.996
B261,Xa48,0,1.0,0.8
B264,Xa7,0,0.0,0.0
B264,Xa10,0,0.0,0.0
B264,Xa23,1,0.812,0.998
B264,Xa48,0,1.0,0.8
CX3,Xa7,0,0.0,0.0
CX3,Xa10,0,0.0,0.0
CX3,Xa23,1,0.812,0.996
CX3,Xa48,0,1.0,0.798
CX10,Xa7,0,0.0,0.0
CX10,Xa10,0,0.0,0.0
CX10,Xa23,1,0.812,0.998
CX10,Xa48,0,1.0,0.798
CX101,Xa7,0,0.0,0.0
CX101,Xa10,0,0.0,0.0
CX101,Xa23,1,0.812,0.996
CX101,Xa48,0,1.0,0.797
CX102,Xa7,0,0.0,0.0
CX102,Xa10,0,0.0,0.0
CX102,Xa23,1,0.812,0.996
CX102,Xa48,0,1.0,0.795
CX162,Xa7,0,0.0,0.0
CX162,Xa10,0,0.0,0.0
CX162,Xa23,1,0.717,0.909
CX162,Xa48,0,0.755,0.731
CX270,Xa7,0,0.0,0.0
CX270,Xa10,0,0.0,0.0
CX270,Xa23,1,0.777,0.916
CX270,Xa48,0,0.767,0.745
IRIS_313-8454,Xa7,0,0.0,0.0
IRIS_313-8454,Xa10,0,0.0,0.0
IRIS_313-8454,Xa23,1,0.812,0.996
IRIS_313-8454,Xa48,0,1.0,0.8
IRIS_313-10171,Xa7,0,0.0,0.0
IRIS_313-10171,Xa10,0,0.0,0.0
IRIS_313-10171,Xa23,0,0.0,0.0
IRIS_313-10171,Xa48,1,1.0,0.803
IRIS_313-10503,Xa7,0,0.0,0.0
IRIS_313-10503,Xa10,0,0.0,0.0
IRIS_313-10503,Xa23,1,0.812,0.998
IRIS_313-10503,Xa48,0,1.0,0.8
IRIS_313-10968,Xa7,0,0.0,0.0
IRIS_313-10968,Xa10,0,0.0,0.0
IRIS_313-10968,Xa23,1,0.812,0.998
IRIS_313-10968,Xa48,0,1.0,0.799
IRIS_313-11038,Xa7,0,0.0,0.0
IRIS_313-11038,Xa10,0,0.0,0.0
IRIS_313-11038,Xa23,1,0.812,0.998
IRIS_313-11038,Xa48,1,1.0,0.803
IRIS_313-11039,Xa7,0,0.0,0.0
IRIS_313-11039,Xa10,0,0.0,0.0
IRIS_313-11039,Xa23,0,0.253,0.916
IRIS_313-11039,Xa48,1,1.0,0.803
IRIS_313-11665,Xa7,0,0.0,0.0
IRIS_313-11665,Xa10,0,0.0,0.0
IRIS_313-11665,Xa23,1,0.742,0.91
IRIS_313-11665,Xa48,1,1.0,0.804
IRIS_313-11667,Xa7,0,0.0,0.0
IRIS_313-11667,Xa10,0,0.0,0.0
IRIS_313-11667,Xa23,1,0.812,0.998
IRIS_313-11667,Xa48,1,1.0,0.802
IRIS_313-11668,Xa7,0,0.0,0.0
IRIS_313-11668,Xa10,0,0.0,0.0
IRIS_313-11668,Xa23,1,0.742,0.906
IRIS_313-11668,Xa48,1,1.0,0.803
IRIS_313-11692,Xa7,0,0.0,0.0
IRIS_313-11692,Xa10,0,0.0,0.0
IRIS_313-11692,Xa23,0,0.253,0.916
IRIS_313-11692,Xa48,1,1.0,0.803
IRIS_313-11727,Xa7,0,0.0,0.0
IRIS_313-11727,Xa10,0,0.0,0.0
IRIS_313-11727,Xa23,1,0.742,0.903
IRIS_313-11727,Xa48,1,1.0,0.803
IRIS_313-11732,Xa7,0,0.0,0.0
IRIS_313-11732,Xa10,0,0.0,0.0
IRIS_313-11732,Xa23,1,0.717,0.901
IRIS_313-11732,Xa48,1,1.0,0.804
IRIS_313-11733,Xa7,0,0.0,0.0
IRIS_313-11733,Xa10,0,0.0,0.0
IRIS_313-11733,Xa23,0,0.253,0.916
IRIS_313-11733,Xa48,1,1.0,0.803
IRIS_313-11734,Xa7,0,0.0,0.0
IRIS_313-11734,Xa10,0,0.0,0.0
IRIS_313-11734,Xa23,1,0.812,0.998
IRIS_313-11734,Xa48,0,1.0,0.799
IRIS_313-11745,Xa7,0,0.0,0.0
IRIS_313-11745,Xa10,0,0.0,0.0
IRIS_313-11745,Xa23,1,0.812,0.998
IRIS_313-11745,Xa48,0,1.0,0.8
IRIS_313-11746,Xa7,0,0.0,0.0
IRIS_313-11746,Xa10,0,0.0,0.0
IRIS_313-11746,Xa23,0,0.278,0.932
IRIS_313-11746,Xa48,1,1.0,0.805
IRIS_313-11752,Xa7,0,0.0,0.0
IRIS_313-11752,Xa10,0,0.0,0.0
IRIS_313-11752,Xa23,1,0.812,0.998
IRIS_313-11752,Xa48,0,1.0,0.799
IRIS_313-11753,Xa7,0,0.0,0.0
IRIS_313-11753,Xa10,0,0.0,0.0
IRIS_313-11753,Xa23,1,0.812,0.999
IRIS_313-11753,Xa48,0,1.0,0.799
IRIS_313-11795,Xa7,0,0.0,0.0
IRIS_313-11795,Xa10,0,0.0,0.0
IRIS_313-11795,Xa23,1,0.812,0.998
IRIS_313-11795,Xa48,0,1.0,0.8
IRIS_313-11796,Xa7,0,0.0,0.0
IRIS_313-11796,Xa10,0,0.0,0.0
IRIS_313-11796,Xa23,1,0.812,0.996
IRIS_313-11796,Xa48,1,1.0,0.803
IRIS_313-11797,Xa7,0,0.0,0.0
IRIS_313-11797,Xa10,0,0.0,0.0
IRIS_313-11797,Xa23,1,0.812,0.998
IRIS_313-11797,Xa48,0,1.0,0.799
IRIS_313-11799,Xa7,0,0.0,0.0
IRIS_313-11799,Xa10,0,0.0,0.0
IRIS_313-11799,Xa23,1,0.812,0.998
IRIS_313-11799,Xa48,1,1.0,0.803
IRIS_313-11802,Xa7,0,0.0,0.0
IRIS_313-11802,Xa10,0,0.0,0.0
IRIS_313-11802,Xa23,1,0.812,0.998
IRIS_313-11802,Xa48,1,1.0,0.804
IRIS_313-11804,Xa7,0,0.0,0.0
IRIS_313-11804,Xa10,0,0.0,0.0
IRIS_313-11804,Xa23,1,0.812,0.996
IRIS_313-11804,Xa48,1,1.0,0.803
IRIS_313-11805,Xa7,0,0.0,0.0
IRIS_313-11805,Xa10,0,0.0,0.0
IRIS_313-11805,Xa23,1,0.812,0.998
IRIS_313-11805,Xa48,0,1.0,0.8
IRIS_313-11806,Xa7,0,0.0,0.0
IRIS_313-11806,Xa10,0,0.0,0.0
IRIS_313-11806,Xa23,1,0.717,0.903
IRIS_313-11806,Xa48,0,1.0,0.8
IRIS_313-11878,Xa7,0,0.0,0.0
IRIS_313-11878,Xa10,0,0.0,0.0
IRIS_313-11878,Xa23,1,0.812,0.995
IRIS_313-11878,Xa48,1,1.0,0.803
IRIS_313-11882,Xa7,0,0.0,0.0
IRIS_313-11882,Xa10,0,0.0,0.0
IRIS_313-11882,Xa23,1,0.812,0.998
IRIS_313-11882,Xa48,0,1.0,0.799
IRIS_313-12033,Xa7,0,0.0,0.0
IRIS_313-12033,Xa10,0,0.0,0.0
IRIS_313-12033,Xa23,1,0.812,0.995
IRIS_313-12033,Xa48,1,1.0,0.803
B214,Xa7,0,0.0,0.0
B214,Xa10,0,0.0,0.0
B214,Xa23,1,0.812,0.997
B214,Xa48,0,0.743,0.739
B217,Xa7,0,0.0,0.0
B217,Xa10,0,0.0,0.0
B217,Xa23,0,0.253,0.916
B217,Xa48,0,0.757,0.738
CX82,Xa7,0,0.0,0.0
CX82,Xa10,0,0.0,0.0
CX82,Xa23,1,0.812,0.996
CX82,Xa48,0,1.0,0.794
CX92,Xa7,0,0.0,0.0
CX92,Xa10,0,0.0,0.0
CX92,Xa23,1,0.812,0.996
CX92,Xa48,0,1.0,0.791
CX97,Xa7,0,0.0,0.0
CX97,Xa10,0,0.0,0.0
CX97,Xa23,1,0.742,0.91
CX97,Xa48,0,1.0,0.8
CX125,Xa7,0,0.0,0.0
CX125,Xa10,0,0.0,0.0
CX125,Xa23,1,0.812,0.996
CX125,Xa48,0,0.745,0.73
CX134,Xa7,0,0.0,0.0
CX134,Xa10,0,0.0,0.0
CX134,Xa23,0,0.253,0.916
CX134,Xa48,0,0.76,0.743
CX150,Xa7,0,0.0,0.0
CX150,Xa10,0,0.0,0.0
CX150,Xa23,1,0.812,0.996
CX150,Xa48,0,1.0,0.798
CX152,Xa7,0,0.0,0.0
CX152,Xa10,0,0.0,0.0
CX152,Xa23,1,0.812,0.996
CX152,Xa48,1,1.0,0.803
CX225,Xa7,0,0.0,0.0
CX225,Xa10,0,0.0,0.0
CX225,Xa23,0,0.253,0.92
CX225,Xa48,1,1.0,0.801
CX250,Xa7,0,0.0,0.0
CX250,Xa10,0,0.0,0.0
CX250,Xa23,0,0.253,0.916
CX250,Xa48,0,0.751,0.741
CX276,Xa7,0,0.0,0.0
CX276,Xa10,0,0.0,0.0
CX276,Xa23,1,0.812,0.996
CX276,Xa48,0,0.783,0.752
CX290,Xa7,0,0.0,0.0
CX290,Xa10,0,0.0,0.0
CX290,Xa23,1,0.812,0.996
CX290,Xa48,0,0.741,0.738
CX305,Xa7,0,0.0,0.0
CX305,Xa10,0,0.0,0.0
CX305,Xa23,0,0.253,0.916
CX305,Xa48,0,0.783,0.752
CX357,Xa7,0,0.0,0.0
CX357,Xa10,0,0.0,0.0
CX357,Xa23,0,0.278,0.919
CX357,Xa48,0,0.757,0.746
CX364,Xa7,0,0.0,0.0
CX364,Xa10,0,0.0,0.0
CX364,Xa23,1,0.812,0.996
CX364,Xa48,0,0.757,0.746
IRIS_313-7808,Xa7,0,0.0,0.0
IRIS_313-7808,Xa10,0,0.0,0.0
IRIS_313-7808,Xa23,1,0.812,0.996
IRIS_313-7808,Xa48,1,1.0,0.807
IRIS_313-8930,Xa7,0,0.0,0.0
IRIS_313-8930,Xa10,0,0.0,0.0
IRIS_313-8930,Xa23,0,0.253,0.931
IRIS_313-8930,Xa48,0,1.0,0.8
IRIS_313-9066,Xa7,0,0.0,0.0
IRIS_313-9066,Xa10,0,0.0,0.0
IRIS_313-9066,Xa23,1,0.812,0.996
IRIS_313-9066,Xa48,1,1.0,0.808
IRIS_313-10333,Xa7,0,0.0,0.0
IRIS_313-10333,Xa10,0,0.0,0.0
IRIS_313-10333,Xa23,1,0.812,0.996
IRIS_313-10333,Xa48,1,1.0,0.804
IRIS_313-10397,Xa7,0,0.0,0.0
IRIS_313-10397,Xa10,0,0.0,0.0
IRIS_313-10397,Xa23,1,0.812,0.996
IRIS_313-10397,Xa48,0,1.0,0.8
IRIS_313-11784,Xa7,0,0.0,0.0
IRIS_313-11784,Xa10,0,0.0,0.0
IRIS_313-11784,Xa23,1,0.812,0.996
IRIS_313-11784,Xa48,1,1.0,0.807
IRIS_313-11798,Xa7,0,0.0,0.0
IRIS_313-11798,Xa10,0,0.0,0.0
IRIS_313-11798,Xa23,1,0.812,0.996
IRIS_313-11798,Xa48,0,1.0,0.799
IRIS_313-11930,Xa7,0,0.0,0.0
IRIS_313-11930,Xa10,0,0.0,0.0
IRIS_313-11930,Xa23,1,0.812,0.996
IRIS_313-11930,Xa48,1,1.0,0.806
B012,Xa7,0,0.0,0.0
B012,Xa10,0,0.0,0.0
B012,Xa23,1,0.812,0.997
B012,Xa48,0,1.0,0.797
B052,Xa7,0,0.0,0.0
B052,Xa10,0,0.0,0.0
B052,Xa23,0,0.119,1.0
B052,Xa48,0,0.757,0.739
CX98,Xa7,0,0.0,0.0
CX98,Xa10,0,0.0,0.0
CX98,Xa23,1,0.812,0.996
CX98,Xa48,0,1.0,0.799
CX99,Xa7,0,0.0,0.0
CX99,Xa10,0,0.0,0.0
CX99,Xa23,1,0.812,0.996
CX99,Xa48,0,1.0,0.799
CX155,Xa7,0,0.0,0.0
CX155,Xa10,0,0.0,0.0
CX155,Xa23,1,0.812,0.996
CX155,Xa48,0,0.775,0.748
CX160,Xa7,0,0.0,0.0
CX160,Xa10,0,0.0,0.0
CX160,Xa23,1,0.812,0.996
CX160,Xa48,0,0.782,0.744
IRIS_313-8305,Xa7,0,0.0,0.0
IRIS_313-8305,Xa10,0,0.0,0.0
IRIS_313-8305,Xa23,1,0.812,0.996
IRIS_313-8305,Xa48,0,1.0,0.8
IRIS_313-8595,Xa7,0,0.0,0.0
IRIS_313-8595,Xa10,0,0.0,0.0
IRIS_313-8595,Xa23,1,0.812,0.996
IRIS_313-8595,Xa48,0,0.762,0.741
IRIS_313-8703,Xa7,0,0.0,0.0
IRIS_313-8703,Xa10,0,0.0,0.0
IRIS_313-8703,Xa23,0,0.0,0.0
IRIS_313-8703,Xa48,0,1.0,0.793
IRIS_313-8925,Xa7,0,0.0,0.0
IRIS_313-8925,Xa10,0,0.0,0.0
IRIS_313-8925,Xa23,0,0.0,0.0
IRIS_313-8925,Xa48,0,1.0,0.799
IRIS_313-8988,Xa7,0,0.0,0.0
IRIS_313-8988,Xa10,0,0.0,0.0
IRIS_313-8988,Xa23,1,0.812,0.996
IRIS_313-8988,Xa48,0,1.0,0.799
IRIS_313-9039,Xa7,0,0.0,0.0
IRIS_313-9039,Xa10,0,0.0,0.0
IRIS_313-9039,Xa23,1,0.812,0.996
IRIS_313-9039,Xa48,0,1.0,0.8
IRIS_313-9067,Xa7,0,0.0,0.0
IRIS_313-9067,Xa10,0,0.0,0.0
IRIS_313-9067,Xa23,1,0.812,0.999
IRIS_313-9067,Xa48,0,1.0,0.799
IRIS_313-9148,Xa7,0,0.0,0.0
IRIS_313-9148,Xa10,0,0.0,0.0
IRIS_313-9148,Xa23,1,0.812,0.999
IRIS_313-9148,Xa48,1,1.0,0.802
IRIS_313-9262,Xa7,0,0.0,0.0
IRIS_313-9262,Xa10,0,0.0,0.0
IRIS_313-9262,Xa23,1,0.812,0.996
IRIS_313-9262,Xa48,0,1.0,0.799
IRIS_313-10010,Xa7,0,0.0,0.0
IRIS_313-10010,Xa10,0,0.0,0.0
IRIS_313-10010,Xa23,1,0.812,0.997
IRIS_313-10010,Xa48,0,1.0,0.799
IRIS_313-10114,Xa7,0,0.0,0.0
IRIS_313-10114,Xa10,0,0.0,0.0
IRIS_313-10114,Xa23,0,0.0,0.0
IRIS_313-10114,Xa48,0,1.0,0.8
IRIS_313-10576,Xa7,0,0.0,0.0
IRIS_313-10576,Xa10,0,0.0,0.0
IRIS_313-10576,Xa23,0,0.0,0.0
IRIS_313-10576,Xa48,0,1.0,0.792
IRIS_313-10863,Xa7,0,0.0,0.0
IRIS_313-10863,Xa10,0,0.0,0.0
IRIS_313-10863,Xa23,1,0.812,0.996
IRIS_313-10863,Xa48,0,1.0,0.8
IRIS_313-10986,Xa7,0,0.0,0.0
IRIS_313-10986,Xa10,0,0.0,0.0
IRIS_313-10986,Xa23,0,0.253,0.916
IRIS_313-10986,Xa48,1,1.0,0.801
IRIS_313-11205,Xa7,0,0.0,0.0
IRIS_313-11205,Xa10,0,0.0,0.0
IRIS_313-11205,Xa23,1,0.812,0.996
IRIS_313-11205,Xa48,0,1.0,0.8
IRIS_313-11224,Xa7,0,0.0,0.0
IRIS_313-11224,Xa10,0,0.0,0.0
IRIS_313-11224,Xa23,0,0.0,0.0
IRIS_313-11224,Xa48,0,1.0,0.796
IRIS_313-11229,Xa7,0,0.0,0.0
IRIS_313-11229,Xa10,0,0.0,0.0
IRIS_313-11229,Xa23,1,0.812,0.996
IRIS_313-11229,Xa48,0,1.0,0.8
IRIS_313-11241,Xa7,0,0.0,0.0
IRIS_313-11241,Xa10,0,0.0,0.0
IRIS_313-11241,Xa23,1,0.812,0.996
IRIS_313-11241,Xa48,0,1.0,0.799
IRIS_313-11242,Xa7,0,0.0,0.0
IRIS_313-11242,Xa10,0,0.0,0.0
IRIS_313-11242,Xa23,1,0.812,0.996
IRIS_313-11242,Xa48,0,1.0,0.8
IRIS_313-11267,Xa7,0,0.0,0.0
IRIS_313-11267,Xa10,0,0.0,0.0
IRIS_313-11267,Xa23,0,0.0,0.0
IRIS_313-11267,Xa48,0,1.0,0.799
IRIS_313-11372,Xa7,0,0.0,0.0
IRIS_313-11372,Xa10,0,0.0,0.0
IRIS_313-11372,Xa23,1,0.812,0.997
IRIS_313-11372,Xa48,0,1.0,0.798
IRIS_313-11416,Xa7,0,0.0,0.0
IRIS_313-11416,Xa10,0,0.0,0.0
IRIS_313-11416,Xa23,1,0.812,0.996
IRIS_313-11416,Xa48,0,1.0,0.799
IRIS_313-11453,Xa7,0,0.0,0.0
IRIS_313-11453,Xa10,0,0.0,0.0
IRIS_313-11453,Xa23,1,0.812,0.996
IRIS_313-11453,Xa48,0,1.0,0.798
IRIS_313-11460,Xa7,0,0.0,0.0
IRIS_313-11460,Xa10,0,0.0,0.0
IRIS_313-11460,Xa23,1,0.812,0.996
IRIS_313-11460,Xa48,0,1.0,0.795
IRIS_313-11642,Xa7,0,0.0,0.0
IRIS_313-11642,Xa10,0,0.0,0.0
IRIS_313-11642,Xa23,0,0.0,0.0
IRIS_313-11642,Xa48,0,1.0,0.799
IRIS_313-11644,Xa7,0,0.0,0.0
IRIS_313-11644,Xa10,0,0.0,0.0
IRIS_313-11644,Xa23,0,0.0,0.0
IRIS_313-11644,Xa48,0,1.0,0.799
IRIS_313-11645,Xa7,0,0.0,0.0
IRIS_313-11645,Xa10,0,0.0,0.0
IRIS_313-11645,Xa23,1,0.812,0.996
IRIS_313-11645,Xa48,0,1.0,0.799
IRIS_313-11646,Xa7,0,0.0,0.0
IRIS_313-11646,Xa10,0,0.0,0.0
IRIS_313-11646,Xa23,0,0.119,1.0
IRIS_313-11646,Xa48,0,1.0,0.8
IRIS_313-11648,Xa7,0,0.0,0.0
IRIS_313-11648,Xa10,0,0.0,0.0
IRIS_313-11648,Xa23,0,0.0,0.0
IRIS_313-11648,Xa48,0,1.0,0.799
IRIS_313-11671,Xa7,0,0.0,0.0
IRIS_313-11671,Xa10,0,0.0,0.0
IRIS_313-11671,Xa23,0,0.0,0.0
IRIS_313-11671,Xa48,0,1.0,0.8
IRIS_313-11723,Xa7,0,0.0,0.0
IRIS_313-11723,Xa10,0,0.0,0.0
IRIS_313-11723,Xa23,0,0.0,0.0
IRIS_313-11723,Xa48,0,1.0,0.799
IRIS_313-11738,Xa7,0,0.0,0.0
IRIS_313-11738,Xa10,0,0.0,0.0
IRIS_313-11738,Xa23,1,0.812,0.996
IRIS_313-11738,Xa48,0,1.0,0.8
IRIS_313-11760,Xa7,0,0.0,0.0
IRIS_313-11760,Xa10,0,0.0,0.0
IRIS_313-11760,Xa23,0,0.0,0.0
IRIS_313-11760,Xa48,0,1.0,0.799
IRIS_313-11761,Xa7,0,0.0,0.0
IRIS_313-11761,Xa10,0,0.0,0.0
IRIS_313-11761,Xa23,0,0.0,0.0
IRIS_313-11761,Xa48,0,1.0,0.799
IRIS_313-11762,Xa7,0,0.0,0.0
IRIS_313-11762,Xa10,0,0.0,0.0
IRIS_313-11762,Xa23,1,0.812,0.996
IRIS_313-11762,Xa48,0,1.0,0.799
IRIS_313-11787,Xa7,0,0.0,0.0
IRIS_313-11787,Xa10,0,0.0,0.0
IRIS_313-11787,Xa23,0,0.0,0.0
IRIS_313-11787,Xa48,0,1.0,0.799
IRIS_313-11789,Xa7,0,0.0,0.0
IRIS_313-11789,Xa10,0,0.0,0.0
IRIS_313-11789,Xa23,0,0.119,1.0
IRIS_313-11789,Xa48,0,1.0,0.799
IRIS_313-11791,Xa7,0,0.0,0.0
IRIS_313-11791,Xa10,0,0.0,0.0
IRIS_313-11791,Xa23,0,0.0,0.0
IRIS_313-11791,Xa48,1,1.0,0.802
IRIS_313-11794,Xa7,0,0.0,0.0
IRIS_313-11794,Xa10,0,0.0,0.0
IRIS_313-11794,Xa23,0,0.0,0.0
IRIS_313-11794,Xa48,0,1.0,0.799
IRIS_313-11811,Xa7,0,0.0,0.0
IRIS_313-11811,Xa10,0,0.0,0.0
IRIS_313-11811,Xa23,0,0.0,0.0
IRIS_313-11811,Xa48,0,1.0,0.799
IRIS_313-11821,Xa7,0,0.0,0.0
IRIS_313-11821,Xa10,0,0.0,0.0
IRIS_313-11821,Xa23,1,0.812,0.996
IRIS_313-11821,Xa48,0,1.0,0.8
IRIS_313-11823,Xa7,0,0.0,0.0
IRIS_313-11823,Xa10,0,0.0,0.0
IRIS_313-11823,Xa23,1,0.812,0.996
IRIS_313-11823,Xa48,0,1.0,0.799
IRIS_313-11824,Xa7,0,0.0,0.0
IRIS_313-11824,Xa10,0,0.0,0.0
IRIS_313-11824,Xa23,1,0.812,0.996
IRIS_313-11824,Xa48,0,1.0,0.8
CX107,Xa7,0,0.0,0.0
CX107,Xa10,0,0.0,0.0
CX107,Xa23,1,0.812,0.996
CX107,Xa48,0,0.772,0.738
CX154,Xa7,0,0.0,0.0
CX154,Xa10,0,0.0,0.0
CX154,Xa23,1,0.812,0.996
CX154,Xa48,0,1.0,0.791
IRIS_313-8586,Xa7,0,0.0,0.0
IRIS_313-8586,Xa10,0,0.0,0.0
IRIS_313-8586,Xa23,1,0.812,0.998
IRIS_313-8586,Xa48,1,1.0,0.803
IRIS_313-8725,Xa7,0,0.0,0.0
IRIS_313-8725,Xa10,0,0.0,0.0
IRIS_313-8725,Xa23,1,0.812,0.996
IRIS_313-8725,Xa48,0,0.761,0.741
IRIS_313-9020,Xa23,1,0.812,0.998
IRIS_313-9020,Xa48,0,1.0,0.799
IRIS_313-9112,Xa23,1,0.812,0.996
IRIS_313-9112,Xa48,0,1.0,0.799
IRIS_313-10511,Xa23,1,0.812,0.996
IRIS_313-10511,Xa48,1,1.0,0.804
IRIS_313-11079,Xa23,1,0.812,0.999
IRIS_313-11079,Xa48,0,1.0,0.798
IRIS_313-11089,Xa23,1,0.812,0.998
IRIS_313-11089,Xa48,0,1.0,0.799
IRIS_313-11095,Xa23,1,0.812,0.997
IRIS_313-11095,Xa48,0,1.0,0.799
IRIS_313-11151,Xa23,1,0.812,0.996
IRIS_313-11151,Xa48,0,1.0,0.799
IRIS_313-11528,Xa23,1,0.812,0.996
IRIS_313-11528,Xa48,0,1.0,0.8
IRIS_313-11635,Xa23,1,0.812,0.996
IRIS_313-11635,Xa48,1,1.0,0.808
IRIS_313-11677,Xa23,1,0.812,0.998
IRIS_313-11677,Xa48,0,1.0,0.8
IRIS_313-11683,Xa23,1,0.812,0.996
IRIS_313-11683,Xa48,0,1.0,0.8
IRIS_313-11685,Xa23,1,0.812,0.998
IRIS_313-11685,Xa48,0,1.0,0.8
IRIS_313-11700,Xa23,1,0.812,0.998
IRIS_313-11700,Xa48,0,1.0,0.799
IRIS_313-11705,Xa23,1,0.812,0.996
IRIS_313-11705,Xa48,0,1.0,0.799
IRIS_313-11708,Xa23,1,0.812,0.996
IRIS_313-11708,Xa48,0,1.0,0.8
IRIS_313-11716,Xa23,1,0.812,0.997
IRIS_313-11716,Xa48,0,1.0,0.8
IRIS_313-11719,Xa23,1,0.812,0.996
IRIS_313-11719,Xa48,0,1.0,0.8
IRIS_313-11720,Xa23,1,0.812,0.998
IRIS_313-11720,Xa48,0,1.0,0.799
IRIS_313-11721,Xa23,1,0.812,0.996
IRIS_313-11721,Xa48,0,1.0,0.8
IRIS_313-11724,Xa23,1,0.812,0.996
IRIS_313-11724,Xa48,0,1.0,0.799
IRIS_313-11728,Xa23,1,0.812,0.998
IRIS_313-11728,Xa48,0,1.0,0.799
IRIS_313-11764,Xa23,1,0.812,0.998
IRIS_313-11764,Xa48,0,1.0,0.8
IRIS_313-11786,Xa23,1,0.812,0.998
IRIS_313-11786,Xa48,0,1.0,0.799
IRIS_313-11812,Xa23,1,0.812,0.998
IRIS_313-11812,Xa48,0,1.0,0.799
IRIS_313-11814,Xa23,1,0.812,0.996
IRIS_313-11814,Xa48,0,1.0,0.799
IRIS_313-11815,Xa23,1,0.812,0.998
IRIS_313-11815,Xa48,0,1.0,0.799
IRIS_313-11820,Xa23,1,0.812,0.996
IRIS_313-11820,Xa48,0,1.0,0.799
IRIS_313-12121,Xa23,1,0.812,0.996
IRIS_313-12121,Xa48,0,1.0,0.8
IRIS_313-12127,Xa23,1,0.812,0.996
IRIS_313-12127,Xa48,1,1.0,0.807
IRIS_313-12128,Xa23,1,0.812,0.996
IRIS_313-12128,Xa48,0,1.0,0.796
B011,Xa23,1,0.812,0.996
B011,Xa48,0,1.0,0.794
B039,Xa23,1,0.812,0.995
B039,Xa48,0,1.0,0.794
B040,Xa23,1,0.812,0.996
B040,Xa48,0,1.0,0.799
B097,Xa23,1,0.812,0.996
B097,Xa48,0,1.0,0.795
B125,Xa23,1,0.812,0.996
B125,Xa48,0,0.777,0.746
B229,Xa23,1,0.812,0.998
B229,Xa48,0,0.764,0.745
B253,Xa23,0,0.253,0.916
B253,Xa48,0,1.0,0.799
B254,Xa23,0,0.253,0.916
B254,Xa48,0,1.0,0.798
CX4,Xa23,1,0.807,0.974
CX4,Xa48,0,1.0,0.794
CX117,Xa23,1,0.812,0.996
CX117,Xa48,0,1.0,0.795
CX118,Xa23,1,0.812,0.996
CX118,Xa48,1,1.0,0.802
CX120,Xa23,1,0.812,0.996
CX120,Xa48,0,0.76,0.748
CX221,Xa23,1,0.812,0.996
CX221,Xa48,0,1.0,0.794
CX235,Xa23,1,0.812,0.996
CX235,Xa48,0,1.0,0.792
CX240,Xa23,1,0.812,0.996
CX240,Xa48,0,0.75,0.723
CX263,Xa23,1,0.717,0.905
CX263,Xa48,0,0.757,0.741
CX273,Xa23,0,0.278,0.916
CX273,Xa48,0,0.757,0.74
CX288,Xa23,1,0.812,0.996
CX288,Xa48,0,1.0,0.794
CX303,Xa23,1,0.812,0.996
CX303,Xa48,0,1.0,0.796
CX542,Xa23,1,0.812,0.997
CX542,Xa48,1,1.0,0.803
IRIS_313-8341,Xa23,1,0.812,0.998
IRIS_313-8341,Xa48,0,1.0,0.792
IRIS_313-8386,Xa23,1,0.812,0.996
IRIS_313-8386,Xa48,0,1.0,0.797
IRIS_313-8453,Xa23,1,0.812,0.996
IRIS_313-8453,Xa48,0,1.0,0.797
IRIS_313-8986,Xa23,0,0.253,0.916
IRIS_313-8986,Xa48,0,1.0,0.799
IRIS_313-9023,Xa23,0,0.253,0.92
IRIS_313-9023,Xa48,0,1.0,0.799
IRIS_313-9602,Xa23,1,0.812,0.996
IRIS_313-9602,Xa48,0,1.0,0.799
IRIS_313-10177,Xa23,1,0.812,0.996
IRIS_313-10177,Xa48,0,1.0,0.8
IRIS_313-10235,Xa23,1,0.812,0.996
IRIS_313-10235,Xa48,1,1.0,0.807
IRIS_313-10301,Xa23,0,0.0,0.0
IRIS_313-10301,Xa48,0,1.0,0.799
IRIS_313-10337,Xa23,0,0.253,0.919
IRIS_313-10337,Xa48,1,1.0,0.808
IRIS_313-10609,Xa23,0,0.0,0.0
IRIS_313-10609,Xa48,0,1.0,0.799
IRIS_313-10614,Xa23,1,0.812,0.998
IRIS_313-10614,Xa48,0,0.309,0.998
IRIS_313-10725,Xa23,0,0.0,0.0
IRIS_313-10725,Xa48,0,1.0,0.799
IRIS_313-10847,Xa23,1,0.812,0.996
IRIS_313-10847,Xa48,0,1.0,0.797
IRIS_313-10858,Xa23,1,0.812,0.996
IRIS_313-10858,Xa48,0,1.0,0.8
IRIS_313-10859,Xa23,0,0.0,0.0
IRIS_313-10859,Xa48,0,0.78,0.749
IRIS_313-11239,Xa23,1,0.812,0.996
IRIS_313-11239,Xa48,1,1.0,0.805
IRIS_313-11240,Xa23,0,0.0,0.0
IRIS_313-11240,Xa48,1,1.0,0.803
IRIS_313-11245,Xa23,1,0.812,0.996
IRIS_313-11245,Xa48,1,1.0,0.808
IRIS_313-11256,Xa23,1,0.812,0.996
IRIS_313-11256,Xa48,0,1.0,0.799
IRIS_313-11260,Xa23,1,0.812,0.999
IRIS_313-11260,Xa48,0,1.0,0.799
IRIS_313-11266,Xa23,0,0.0,0.0
IRIS_313-11266,Xa48,0,1.0,0.799
IRIS_313-11269,Xa23,1,0.812,0.996
IRIS_313-11269,Xa48,1,1.0,0.801
IRIS_313-11273,Xa23,0,0.0,0.0
IRIS_313-11273,Xa48,0,1.0,0.799
IRIS_313-11279,Xa23,1,0.812,0.998
IRIS_313-11279,Xa48,0,1.0,0.799
IRIS_313-11338,Xa23,1,0.812,0.996
IRIS_313-11338,Xa48,0,1.0,0.8
IRIS_313-11345,Xa23,1,0.812,0.996
IRIS_313-11345,Xa48,0,1.0,0.8
IRIS_313-11493,Xa23,1,0.812,0.996
IRIS_313-11493,Xa48,0,1.0,0.799
IRIS_313-11516,Xa23,1,0.812,0.996
IRIS_313-11516,Xa48,1,1.0,0.808
IRIS_313-11656,Xa23,1,0.812,0.996
IRIS_313-11656,Xa48,1,1.0,0.807
IRIS_313-11664,Xa23,1,0.812,0.998
IRIS_313-11664,Xa48,1,1.0,0.808
IRIS_313-11693,Xa23,1,0.812,0.996
IRIS_313-11693,Xa48,1,1.0,0.8
IRIS_313-11722,Xa23,1,0.812,0.996
IRIS_313-11722,Xa48,0,1.0,0.799
IRIS_313-11730,Xa23,0,0.253,0.919
IRIS_313-11730,Xa48,0,1.0,0.8
IRIS_313-11731,Xa23,1,0.812,0.995
IRIS_313-11731,Xa48,0,1.0,0.8
IRIS_313-11740,Xa23,1,0.812,0.996
IRIS_313-11740,Xa48,0,1.0,0.799
IRIS_313-11744,Xa23,1,0.812,0.996
IRIS_313-11744,Xa48,0,1.0,0.8
IRIS_313-11747,Xa23,1,0.812,0.996
IRIS_313-11747,Xa48,1,1.0,0.804
IRIS_313-11748,Xa23,1,0.812,0.996
IRIS_313-11748,Xa48,0,1.0,0.8
IRIS_313-11750,Xa23,1,0.812,0.996
IRIS_313-11750,Xa48,1,1.0,0.808
IRIS_313-11751,Xa23,1,0.812,0.996
IRIS_313-11751,Xa48,0,1.0,0.799
IRIS_313-11763,Xa23,0,0.253,0.916
IRIS_313-11763,Xa48,1,1.0,0.803
IRIS_313-11801,Xa23,1,0.812,0.996
IRIS_313-11801,Xa48,1,1.0,0.808
IRIS_313-11807,Xa23,1,0.812,0.996
IRIS_313-11807,Xa48,1,1.0,0.808
IRIS_313-11835,Xa23,1,0.812,0.996
IRIS_313-11835,Xa48,1,1.0,0.801
IRIS_313-12355,Xa23,0,0.253,0.916
IRIS_313-12355,Xa48,0,1.0,0.791
B001,Xa23,1,0.812,0.994
B001,Xa48,0,1.0,0.799
B004,Xa23,1,0.812,0.994
B004,Xa48,0,1.0,0.799
B016,Xa23,1,0.812,0.994
B016,Xa48,0,1.0,0.797
B045,Xa23,1,0.812,0.994
B045,Xa48,0,1.0,0.794
B046,Xa23,1,0.812,0.994
B046,Xa48,0,0.751,0.741
B160,Xa23,1,0.812,0.994
B160,Xa48,0,0.748,0.727
B162,Xa23,1,0.812,0.994
B162,Xa48,0,0.74,0.723
B167,Xa23,1,0.812,0.994
B167,Xa48,0,0.741,0.728
B182,Xa23,1,0.812,0.994
B182,Xa48,0,0.747,0.734
B183,Xa23,1,0.812,0.994
B183,Xa48,0,1.0,0.797
B204,Xa23,1,0.812,0.994
B204,Xa48,0,0.75,0.741
B226,Xa23,1,0.812,0.994
B226,Xa48,0,0.763,0.743
B250,Xa23,1,0.812,0.994
B250,Xa48,0,1.0,0.795
CX140,Xa23,1,0.812,0.994
CX140,Xa48,0,1.0,0.791
CX317,Xa23,1,0.812,0.996
CX317,Xa48,0,1.0,0.794
CX344,Xa23,1,0.812,0.998
CX344,Xa48,0,0.763,0.743
CX383,Xa23,1,0.812,0.997
CX383,Xa48,0,0.765,0.745
CX389,Xa23,1,0.812,0.996
CX389,Xa48,0,0.775,0.739
IRIS_313-8125,Xa23,1,0.812,0.994
IRIS_313-8125,Xa48,0,1.0,0.8
IRIS_313-8755,Xa23,1,0.812,0.994
IRIS_313-8755,Xa48,0,1.0,0.799
IRIS_313-10097,Xa23,1,0.812,0.994
IRIS_313-10097,Xa48,0,1.0,0.799
IRIS_313-10642,Xa23,1,0.812,0.994
IRIS_313-10642,Xa48,0,0.309,0.998
IRIS_313-11202,Xa23,1,0.812,0.994
IRIS_313-11202,Xa48,0,1.0,0.8
IRIS_313-11651,Xa23,1,0.812,0.997
IRIS_313-11651,Xa48,0,1.0,0.8
IRIS_313-11652,Xa23,1,0.812,0.994
IRIS_313-11652,Xa48,0,1.0,0.799
IRIS_313-11655,Xa23,1,0.812,0.994
IRIS_313-11655,Xa48,0,1.0,0.796
IRIS_313-11725,Xa23,1,0.812,0.994
IRIS_313-11725,Xa48,0,1.0,0.8
IRIS_313-11691,Xa23,1,0.812,0.994
IRIS_313-11691,Xa48,0,1.0,0.8
IRIS_313-11900,Xa23,1,0.812,0.998
IRIS_313-11900,Xa48,0,1.0,0.8
IRIS_313-11924,Xa23,1,0.812,0.997
IRIS_313-11924,Xa48,0,1.0,0.8
IRIS_313-12349,Xa23,0,0.119,0.995
IRIS_313-12349,Xa48,0,1.0,0.799
B018,Xa23,1,0.812,0.998
B018,Xa48,0,1.0,0.798
B190,Xa23,1,0.812,0.994
B190,Xa48,0,0.755,0.742
B191,Xa23,1,0.812,0.998
B191,Xa48,0,0.751,0.735
CX106,Xa23,1,0.812,0.997
CX106,Xa48,0,1.0,0.799
CX111,Xa23,1,0.812,0.994
CX111,Xa48,0,1.0,0.798
CX220,Xa23,1,0.812,0.994
CX220,Xa48,0,1.0,0.796
CX262,Xa23,1,0.812,0.998
CX262,Xa48,0,0.761,0.744
CX269,Xa23,1,0.812,0.994
CX269,Xa48,0,1.0,0.793
CX285,Xa23,1,0.812,0.998
CX285,Xa48,0,1.0,0.798
CX355,Xa23,0,0.0,0.0
CX355,Xa48,0,0.762,0.74
CX367,Xa23,1,0.812,0.996
CX367,Xa48,0,0.309,1.0
IRIS_313-7902,Xa23,0,0.0,0.0
IRIS_313-7902,Xa48,0,1.0,0.798
IRIS_313-7914,Xa23,1,0.812,0.994
IRIS_313-7914,Xa48,0,1.0,0.799
IRIS_313-8356,Xa23,1,0.812,0.994
IRIS_313-8356,Xa48,0,1.0,0.798
IRIS_313-8923,Xa23,1,0.812,0.998
IRIS_313-8923,Xa48,0,1.0,0.799
IRIS_313-10577,Xa23,1,0.812,0.994
IRIS_313-10577,Xa48,0,1.0,0.799
IRIS_313-10582,Xa23,1,0.812,0.994
IRIS_313-10582,Xa48,0,1.0,0.799
IRIS_313-11436,Xa23,1,0.812,0.994
IRIS_313-11436,Xa48,0,1.0,0.799
IRIS_313-11673,Xa23,1,0.812,0.997
IRIS_313-11673,Xa48,0,1.0,0.8
IRIS_313-11736,Xa23,1,0.812,0.997
IRIS_313-11736,Xa48,0,1.0,0.8
IRIS_313-11739,Xa23,1,0.812,0.994
IRIS_313-11739,Xa48,0,1.0,0.799
IRIS_313-11790,Xa23,1,0.812,0.994
IRIS_313-11790,Xa48,0,1.0,0.799
IRIS_313-11929,Xa23,1,0.812,0.994
IRIS_313-11929,Xa48,0,1.0,0.8
IRIS_313-15910,Xa23,1,0.812,0.998
IRIS_313-15910,Xa48,0,1.0,0.8
B070,Xa23,1,0.812,0.998
B070,Xa48,0,0.752,0.74
CX109,Xa23,1,0.812,0.994
CX109,Xa48,0,1.0,0.798
CX138,Xa23,1,0.812,0.997
CX138,Xa48,0,1.0,0.794
CX142,Xa23,1,0.812,0.998
CX142,Xa48,0,1.0,0.793
CX307,Xa23,1,0.812,0.999
CX307,Xa48,0,1.0,0.799
CX353,Xa23,1,0.812,0.994
CX353,Xa48,0,0.734,0.731
CX227,Xa23,0,0.0,0.0
CX227,Xa48,0,0.755,0.742
IRIS_313-8864,Xa23,1,0.812,0.996
IRIS_313-8864,Xa48,0,1.0,0.797
IRIS_313-10020,Xa23,0,0.0,0.0
IRIS_313-10020,Xa48,0,1.0,0.797
IRIS_313-10602,Xa23,1,0.812,0.997
IRIS_313-10602,Xa48,0,0.309,0.998
IRIS_313-10603,Xa23,0,0.0,0.0
IRIS_313-10603,Xa48,0,0.774,0.748
IRIS_313-10605,Xa23,1,0.812,0.996
IRIS_313-10605,Xa48,0,1.0,0.797
IRIS_313-10718,Xa23,1,0.812,0.997
IRIS_313-10718,Xa48,0,0.309,0.998
IRIS_313-10852,Xa23,1,0.812,0.996
IRIS_313-10852,Xa48,0,1.0,0.798
IRIS_313-10861,Xa23,1,0.812,0.997
IRIS_313-10861,Xa48,0,1.0,0.797
IRIS_313-10871,Xa23,1,0.812,0.996
IRIS_313-10871,Xa48,0,1.0,0.797
IRIS_313-10892,Xa23,0,0.253,0.914
IRIS_313-10892,Xa48,0,1.0,0.797
IRIS_313-11027,Xa23,1,0.812,0.997
IRIS_313-11027,Xa48,0,0.785,0.75
IRIS_313-11037,Xa23,1,0.812,0.996
IRIS_313-11037,Xa48,0,1.0,0.795
IRIS_313-11050,Xa23,0,0.0,0.0
IRIS_313-11050,Xa48,0,1.0,0.797
IRIS_313-11051,Xa23,1,0.812,0.996
IRIS_313-11051,Xa48,0,1.0,0.798
IRIS_313-11052,Xa23,1,0.812,1.0
IRIS_313-11052,Xa48,0,1.0,0.796
IRIS_313-11053,Xa23,1,0.812,0.996
IRIS_313-11053,Xa48,0,1.0,0.797
IRIS_313-11055,Xa23,1,0.812,0.997
IRIS_313-11055,Xa48,0,1.0,0.796
IRIS_313-11056,Xa23,0,0.0,0.0
IRIS_313-11056,Xa48,0,1.0,0.798
IRIS_313-11057,Xa23,1,0.812,0.995
IRIS_313-11057,Xa48,0,1.0,0.798
IRIS_313-11058,Xa23,1,0.812,0.997
IRIS_313-11058,Xa48,0,1.0,0.797
IRIS_313-11112,Xa23,0,0.0,0.0
IRIS_313-11112,Xa48,0,1.0,0.797
IRIS_313-11191,Xa23,0,0.0,0.0
IRIS_313-11191,Xa48,0,0.774,0.749
IRIS_313-11277,Xa23,0,0.0,0.0
IRIS_313-11277,Xa48,0,1.0,0.797
IRIS_313-11298,Xa23,1,0.812,0.999
IRIS_313-11298,Xa48,0,1.0,0.795
IRIS_313-11737,Xa23,1,0.812,0.997
IRIS_313-11737,Xa48,0,1.0,0.797
IRIS_313-11809,Xa23,0,0.0,0.0
IRIS_313-11809,Xa48,0,1.0,0.797
CX110,Xa23,0,0.0,0.0
CX110,Xa48,0,1.0,0.796
CX149,Xa23,0,0.0,0.0
CX149,Xa48,0,0.783,0.743
IRIS_313-8326,Xa23,0,0.0,0.0
IRIS_313-8326,Xa48,0,1.0,0.799
IRIS_313-11062,Xa23,1,0.812,0.997
IRIS_313-11062,Xa48,0,1.0,0.796
IRIS_313-11270,Xa23,1,0.812,0.996
IRIS_313-11270,Xa48,0,1.0,0.797
IRIS_313-11289,Xa23,0,0.0,0.0
IRIS_313-11289,Xa48,0,1.0,0.795
IRIS_313-12094,Xa23,0,0.0,0.0
IRIS_313-12094,Xa48,0,1.0,0.794
CX108,Xa23,1,0.812,0.996
CX108,Xa48,0,1.0,0.796
CX112,Xa23,1,0.812,0.997
CX112,Xa48,0,1.0,0.795
IRIS_313-7646,Xa23,1,0.812,0.995
IRIS_313-7646,Xa48,0,1.0,0.8
IRIS_313-10857,Xa23,1,0.812,0.996
IRIS_313-10857,Xa48,0,1.0,0.799
IRIS_313-10894,Xa23,1,0.717,0.895
IRIS_313-10894,Xa48,0,1.0,0.795
IRIS_313-11033,Xa23,1,0.812,0.996
IRIS_313-11033,Xa48,0,1.0,0.797
IRIS_313-11035,Xa23,1,0.812,0.996
IRIS_313-11035,Xa48,0,1.0,0.799
IRIS_313-11066,Xa23,1,0.812,0.997
IRIS_313-11066,Xa48,0,1.0,0.796
IRIS_313-11295,Xa23,1,0.812,0.998
IRIS_313-11295,Xa48,0,1.0,0.799
IRIS_313-11663,Xa23,1,0.812,0.996
IRIS_313-11663,Xa48,0,1.0,0.8
IRIS_313-11754,Xa23,1,0.812,0.994
IRIS_313-11754,Xa48,0,1.0,0.799
