model,strain,eval,Accuracy,Precision,Recall,F1,AUC,MCC,branch,family,model_base
CNN1D_emb,C4,CV_random,0.608,0.606,0.564,0.577,0.661,0.217,embedding,deep,CNN1D
CNN1D_emb,C4,CV_group,0.524,0.513,0.613,0.526,0.569,0.081,embedding,deep,CNN1D
CNN1D_emb,C4,independent_test,0.639,0.629,0.665,0.644,0.694,0.281,embedding,deep,CNN1D
CNN1D_emb,C5,CV_random,0.681,0.308,0.468,0.362,0.683,0.179,embedding,deep,CNN1D
CNN1D_emb,C5,CV_group,0.649,0.252,0.476,0.32,0.599,0.102,embedding,deep,CNN1D
CNN1D_emb,C5,independent_test,0.627,0.273,0.623,0.378,0.671,0.198,embedding,deep,CNN1D
CNN1D_emb,P9a,CV_random,0.708,0.691,0.736,0.709,0.732,0.424,embedding,deep,CNN1D
CNN1D_emb,P9a,CV_group,0.699,0.687,0.724,0.694,0.689,0.325,embedding,deep,CNN1D
CNN1D_emb,P9a,independent_test,0.657,0.655,0.65,0.65,0.669,0.315,embedding,deep,CNN1D
CNN1D_raw,C4,CV_random,0.495,0.285,0.535,0.365,0.515,-0.011,DNA_tho,deep,CNN1D
CNN1D_raw,C4,CV_group,0.5,0.327,0.537,0.376,0.487,0.014,DNA_tho,deep,CNN1D
CNN1D_raw,C4,independent_test,0.504,0.223,0.445,0.297,0.564,0.008,DNA_tho,deep,CNN1D
CNN1D_raw,C5,CV_random,0.631,0.287,0.551,0.344,0.695,0.183,DNA_tho,deep,CNN1D
CNN1D_raw,C5,CV_group,0.659,0.256,0.465,0.303,0.618,0.111,DNA_tho,deep,CNN1D
CNN1D_raw,C5,independent_test,0.658,0.253,0.414,0.29,0.703,0.115,DNA_tho,deep,CNN1D
CNN1D_raw,P9a,CV_random,0.686,0.68,0.702,0.686,0.742,0.377,DNA_tho,deep,CNN1D
CNN1D_raw,P9a,CV_group,0.687,0.646,0.697,0.651,0.676,0.295,DNA_tho,deep,CNN1D
CNN1D_raw,P9a,independent_test,0.646,0.641,0.653,0.642,0.711,0.297,DNA_tho,deep,CNN1D
CNN1D_SNP,C4,CV_random,0.602,0.633,0.403,0.491,0.635,0.204,SNP,deep,CNN1D
CNN1D_SNP,C4,CV_group,0.565,0.587,0.441,0.45,0.506,0.087,SNP,deep,CNN1D
CNN1D_SNP,C4,independent_test,0.678,0.698,0.608,0.65,0.706,0.357,SNP,deep,CNN1D
CNN1D_SNP,C5,CV_random,0.734,0.371,0.578,0.449,0.718,0.3,SNP,deep,CNN1D
CNN1D_SNP,C5,CV_group,0.729,0.304,0.539,0.383,0.7,0.194,SNP,deep,CNN1D
CNN1D_SNP,C5,independent_test,0.689,0.332,0.718,0.454,0.731,0.316,SNP,deep,CNN1D
CNN1D_SNP,P9a,CV_random,0.59,0.643,0.414,0.493,0.687,0.195,SNP,deep,CNN1D
CNN1D_SNP,P9a,CV_group,0.585,0.617,0.451,0.47,0.587,0.134,SNP,deep,CNN1D
CNN1D_SNP,P9a,independent_test,0.61,0.629,0.518,0.565,0.666,0.223,SNP,deep,CNN1D
CNN2D_emb,C4,CV_random,0.63,0.629,0.586,0.602,0.678,0.262,embedding,deep,CNN2D
CNN2D_emb,C4,CV_group,0.534,0.517,0.618,0.533,0.56,0.082,embedding,deep,CNN2D
CNN2D_emb,C4,independent_test,0.666,0.643,0.722,0.678,0.722,0.337,embedding,deep,CNN2D
CNN2D_emb,C5,CV_random,0.688,0.336,0.566,0.413,0.717,0.244,embedding,deep,CNN2D
CNN2D_emb,C5,CV_group,0.642,0.275,0.571,0.361,0.635,0.149,embedding,deep,CNN2D
CNN2D_emb,C5,independent_test,0.557,0.235,0.636,0.342,0.695,0.136,embedding,deep,CNN2D
CNN2D_emb,P9a,CV_random,0.7,0.682,0.74,0.705,0.726,0.41,embedding,deep,CNN2D
CNN2D_emb,P9a,CV_group,0.704,0.692,0.715,0.692,0.68,0.323,embedding,deep,CNN2D
CNN2D_emb,P9a,independent_test,0.67,0.652,0.712,0.68,0.707,0.344,embedding,deep,CNN2D
CNN2D_raw,C4,CV_random,0.54,0.462,0.611,0.505,0.589,0.096,DNA_tho,deep,CNN2D
CNN2D_raw,C4,CV_group,0.464,0.458,0.701,0.507,0.517,0.023,DNA_tho,deep,CNN2D
CNN2D_raw,C4,independent_test,0.541,0.471,0.687,0.558,0.622,0.101,DNA_tho,deep,CNN2D
CNN2D_raw,C5,CV_random,0.697,0.333,0.597,0.418,0.74,0.269,DNA_tho,deep,CNN2D
CNN2D_raw,C5,CV_group,0.657,0.258,0.503,0.316,0.649,0.123,DNA_tho,deep,CNN2D
CNN2D_raw,C5,independent_test,0.676,0.298,0.573,0.39,0.725,0.221,DNA_tho,deep,CNN2D
CNN2D_raw,P9a,CV_random,0.731,0.707,0.784,0.743,0.778,0.466,DNA_tho,deep,CNN2D
CNN2D_raw,P9a,CV_group,0.731,0.711,0.764,0.72,0.706,0.372,DNA_tho,deep,CNN2D
CNN2D_raw,P9a,independent_test,0.673,0.641,0.76,0.694,0.735,0.356,DNA_tho,deep,CNN2D
CNN2D_SNP,C4,CV_random,0.616,0.631,0.473,0.536,0.669,0.23,SNP,deep,CNN2D
CNN2D_SNP,C4,CV_group,0.594,0.598,0.497,0.527,0.558,0.131,SNP,deep,CNN2D
CNN2D_SNP,C4,independent_test,0.655,0.654,0.65,0.65,0.716,0.312,SNP,deep,CNN2D
CNN2D_SNP,C5,CV_random,0.737,0.375,0.573,0.45,0.722,0.303,SNP,deep,CNN2D
CNN2D_SNP,C5,CV_group,0.745,0.313,0.508,0.376,0.669,0.218,SNP,deep,CNN2D
CNN2D_SNP,C5,independent_test,0.693,0.337,0.727,0.461,0.756,0.325,SNP,deep,CNN2D
CNN2D_SNP,P9a,CV_random,0.605,0.669,0.446,0.518,0.689,0.229,SNP,deep,CNN2D
CNN2D_SNP,P9a,CV_group,0.603,0.524,0.409,0.441,0.563,0.071,SNP,deep,CNN2D
CNN2D_SNP,P9a,independent_test,0.66,0.725,0.502,0.586,0.707,0.334,SNP,deep,CNN2D
LogReg,C4,CV_random,0.645,0.63,0.625,0.625,0.71,0.29,embedding,classical,LogReg
LogReg,C4,CV_group,0.565,0.543,0.561,0.536,0.594,0.113,embedding,classical,LogReg
LogReg,C4,independent_test,0.557,0.543,0.633,0.585,0.661,0.118,embedding,classical,LogReg
LogReg,C5,CV_random,0.761,0.343,0.356,0.335,0.743,0.202,embedding,classical,LogReg
LogReg,C5,CV_group,0.734,0.239,0.337,0.267,0.595,0.089,embedding,classical,LogReg
LogReg,C5,independent_test,0.754,0.357,0.455,0.4,0.744,0.251,embedding,classical,LogReg
LogReg,P9a,CV_random,0.673,0.681,0.65,0.664,0.697,0.348,embedding,classical,LogReg
LogReg,P9a,CV_group,0.679,0.684,0.678,0.669,0.659,0.271,embedding,classical,LogReg
LogReg,P9a,independent_test,0.738,0.75,0.7,0.724,0.77,0.476,embedding,classical,LogReg
LogReg_SNP,C4,CV_random,0.703,0.688,0.701,0.694,0.759,0.405,SNP,classical,LogReg
LogReg_SNP,C4,CV_group,0.609,0.581,0.798,0.64,0.594,0.247,SNP,classical,LogReg
LogReg_SNP,C4,independent_test,0.705,0.688,0.733,0.71,0.754,0.411,SNP,classical,LogReg
LogReg_SNP,C5,CV_random,0.789,0.431,0.4,0.407,0.777,0.286,SNP,classical,LogReg
LogReg_SNP,C5,CV_group,0.771,0.215,0.148,0.157,0.6,0.069,SNP,classical,LogReg
LogReg_SNP,C5,independent_test,0.77,0.4,0.545,0.462,0.871,0.326,SNP,classical,LogReg
LogReg_SNP,P9a,CV_random,0.632,0.634,0.625,0.625,0.722,0.265,SNP,classical,LogReg
LogReg_SNP,P9a,CV_group,0.662,0.556,0.702,0.606,0.678,0.202,SNP,classical,LogReg
LogReg_SNP,P9a,independent_test,0.738,0.675,0.9,0.771,0.808,0.506,SNP,classical,LogReg
mCNN_emb,C4,CV_random,0.612,0.608,0.559,0.579,0.665,0.222,embedding,deep,mCNN
mCNN_emb,C4,CV_group,0.5,0.495,0.643,0.521,0.545,0.066,embedding,deep,mCNN
mCNN_emb,C4,independent_test,0.652,0.623,0.748,0.679,0.736,0.314,embedding,deep,mCNN
mCNN_emb,C5,CV_random,0.756,0.308,0.236,0.26,0.606,0.125,embedding,deep,mCNN
mCNN_emb,C5,CV_group,0.718,0.155,0.124,0.133,0.491,-0.05,embedding,deep,mCNN
mCNN_emb,C5,independent_test,0.777,0.374,0.318,0.335,0.642,0.21,embedding,deep,mCNN
mCNN_emb,P9a,CV_random,0.641,0.63,0.679,0.651,0.694,0.285,embedding,deep,mCNN
mCNN_emb,P9a,CV_group,0.603,0.582,0.648,0.6,0.621,0.154,embedding,deep,mCNN
mCNN_emb,P9a,independent_test,0.575,0.565,0.6,0.581,0.575,0.153,embedding,deep,mCNN
mCNN_raw,C4,CV_random,0.577,0.581,0.677,0.589,0.628,0.179,DNA_tho,deep,mCNN
mCNN_raw,C4,CV_group,0.505,0.538,0.663,0.527,0.52,0.053,DNA_tho,deep,mCNN
mCNN_raw,C4,independent_test,0.534,0.516,0.86,0.645,0.643,0.103,DNA_tho,deep,mCNN
mCNN_raw,C5,CV_random,0.716,0.39,0.671,0.477,0.753,0.344,DNA_tho,deep,mCNN
mCNN_raw,C5,CV_group,0.648,0.282,0.672,0.38,0.698,0.2,DNA_tho,deep,mCNN
mCNN_raw,C5,independent_test,0.672,0.316,0.673,0.428,0.724,0.275,DNA_tho,deep,mCNN
mCNN_raw,P9a,CV_random,0.768,0.722,0.867,0.788,0.769,0.549,DNA_tho,deep,mCNN
mCNN_raw,P9a,CV_group,0.766,0.743,0.839,0.78,0.712,0.447,DNA_tho,deep,mCNN
mCNN_raw,P9a,independent_test,0.731,0.676,0.873,0.762,0.774,0.485,DNA_tho,deep,mCNN
mCNN_SNP,C4,CV_random,0.623,0.646,0.514,0.556,0.687,0.253,SNP,deep,mCNN
mCNN_SNP,C4,CV_group,0.565,0.546,0.503,0.457,0.575,0.095,SNP,deep,mCNN
mCNN_SNP,C4,independent_test,0.653,0.7,0.548,0.599,0.713,0.32,SNP,deep,mCNN
mCNN_SNP,C5,CV_random,0.757,0.392,0.46,0.402,0.72,0.272,SNP,deep,mCNN
mCNN_SNP,C5,CV_group,0.749,0.338,0.471,0.362,0.664,0.21,SNP,deep,mCNN
mCNN_SNP,C5,independent_test,0.743,0.389,0.691,0.494,0.776,0.37,SNP,deep,mCNN
mCNN_SNP,P9a,CV_random,0.604,0.659,0.478,0.522,0.684,0.229,SNP,deep,mCNN
mCNN_SNP,P9a,CV_group,0.587,0.658,0.416,0.444,0.597,0.128,SNP,deep,mCNN
mCNN_SNP,P9a,independent_test,0.639,0.661,0.59,0.602,0.723,0.292,SNP,deep,mCNN
MLP,C4,CV_random,0.658,0.655,0.636,0.643,0.729,0.317,embedding,deep,MLP
MLP,C4,CV_group,0.592,0.566,0.61,0.568,0.611,0.168,embedding,deep,MLP
MLP,C4,independent_test,0.605,0.587,0.665,0.623,0.648,0.213,embedding,deep,MLP
MLP,C5,CV_random,0.749,0.351,0.374,0.357,0.684,0.206,embedding,deep,MLP
MLP,C5,CV_group,0.735,0.224,0.321,0.26,0.609,0.078,embedding,deep,MLP
MLP,C5,independent_test,0.77,0.39,0.486,0.432,0.71,0.293,embedding,deep,MLP
MLP,P9a,CV_random,0.69,0.69,0.687,0.688,0.731,0.379,embedding,deep,MLP
MLP,P9a,CV_group,0.694,0.678,0.713,0.686,0.689,0.309,embedding,deep,MLP
MLP,P9a,independent_test,0.652,0.662,0.6,0.629,0.766,0.305,embedding,deep,MLP
MLP_SNP,C4,CV_random,0.699,0.692,0.69,0.688,0.78,0.401,SNP,deep,MLP
MLP_SNP,C4,CV_group,0.553,0.535,0.757,0.595,0.635,0.138,SNP,deep,MLP
MLP_SNP,C4,independent_test,0.735,0.724,0.747,0.735,0.763,0.472,SNP,deep,MLP
MLP_SNP,C5,CV_random,0.824,0.531,0.568,0.542,0.809,0.439,SNP,deep,MLP
MLP_SNP,C5,CV_group,0.795,0.351,0.208,0.241,0.677,0.146,SNP,deep,MLP
MLP_SNP,C5,independent_test,0.787,0.438,0.636,0.516,0.871,0.399,SNP,deep,MLP
MLP_SNP,P9a,CV_random,0.666,0.686,0.63,0.653,0.752,0.337,SNP,deep,MLP
MLP_SNP,P9a,CV_group,0.668,0.578,0.693,0.608,0.689,0.171,SNP,deep,MLP
MLP_SNP,P9a,independent_test,0.729,0.695,0.798,0.743,0.799,0.464,SNP,deep,MLP
RandomForest,C4,CV_random,0.632,0.629,0.589,0.606,0.697,0.264,embedding,classical,RandomForest
RandomForest,C4,CV_group,0.551,0.535,0.635,0.544,0.584,0.097,embedding,classical,RandomForest
RandomForest,C4,independent_test,0.689,0.657,0.767,0.708,0.744,0.384,embedding,classical,RandomForest
RandomForest,C5,CV_random,0.777,0.357,0.244,0.283,0.774,0.166,embedding,classical,RandomForest
RandomForest,C5,CV_group,0.79,0.253,0.228,0.238,0.746,0.116,embedding,classical,RandomForest
RandomForest,C5,independent_test,0.77,0.333,0.273,0.3,0.76,0.166,embedding,classical,RandomForest
RandomForest,P9a,CV_random,0.744,0.699,0.85,0.767,0.756,0.5,embedding,classical,RandomForest
RandomForest,P9a,CV_group,0.757,0.719,0.855,0.774,0.724,0.44,embedding,classical,RandomForest
RandomForest,P9a,independent_test,0.721,0.676,0.833,0.746,0.835,0.457,embedding,classical,RandomForest
RandomForest_SNP,C4,CV_random,0.673,0.68,0.624,0.649,0.777,0.347,SNP,classical,RandomForest
RandomForest_SNP,C4,CV_group,0.581,0.54,0.756,0.596,0.635,0.14,SNP,classical,RandomForest
RandomForest_SNP,C4,independent_test,0.738,0.733,0.733,0.733,0.77,0.475,SNP,classical,RandomForest
RandomForest_SNP,C5,CV_random,0.806,0.482,0.422,0.438,0.797,0.331,SNP,classical,RandomForest
RandomForest_SNP,C5,CV_group,0.82,0.431,0.485,0.441,0.66,0.33,SNP,classical,RandomForest
RandomForest_SNP,C5,independent_test,0.803,0.471,0.727,0.571,0.847,0.469,SNP,classical,RandomForest
RandomForest_SNP,P9a,CV_random,0.752,0.728,0.8,0.761,0.793,0.508,SNP,classical,RandomForest
RandomForest_SNP,P9a,CV_group,0.707,0.691,0.759,0.691,0.767,0.314,SNP,classical,RandomForest
RandomForest_SNP,P9a,independent_test,0.754,0.703,0.867,0.776,0.88,0.524,SNP,classical,RandomForest
SVM,C4,CV_random,0.64,0.632,0.624,0.625,0.708,0.283,embedding,classical,SVM
SVM,C4,CV_group,0.533,0.531,0.704,0.561,0.584,0.148,embedding,classical,SVM
SVM,C4,independent_test,0.705,0.667,0.8,0.727,0.74,0.42,embedding,classical,SVM
SVM,C5,CV_random,0.782,0.42,0.156,0.21,0.753,0.139,embedding,classical,SVM
SVM,C5,CV_group,0.811,0.0,0.0,0.0,0.705,-0.025,embedding,classical,SVM
SVM,C5,independent_test,0.803,0.333,0.091,0.143,0.784,0.091,embedding,classical,SVM
SVM,P9a,CV_random,0.727,0.704,0.775,0.736,0.762,0.46,embedding,classical,SVM
SVM,P9a,CV_group,0.698,0.655,0.782,0.692,0.741,0.336,embedding,classical,SVM
SVM,P9a,independent_test,0.705,0.676,0.767,0.719,0.783,0.415,embedding,classical,SVM
SVM_SNP,C4,CV_random,0.685,0.692,0.632,0.66,0.762,0.37,SNP,classical,SVM
SVM_SNP,C4,CV_group,0.546,0.539,0.701,0.553,0.631,0.127,SNP,classical,SVM
SVM_SNP,C4,independent_test,0.738,0.75,0.7,0.724,0.798,0.476,SNP,classical,SVM
SVM_SNP,C5,CV_random,0.814,0.512,0.289,0.362,0.81,0.283,SNP,classical,SVM
SVM_SNP,C5,CV_group,0.815,0.467,0.06,0.106,0.691,0.112,SNP,classical,SVM
SVM_SNP,C5,independent_test,0.836,0.545,0.545,0.545,0.869,0.445,SNP,classical,SVM
SVM_SNP,P9a,CV_random,0.677,0.675,0.683,0.678,0.753,0.356,SNP,classical,SVM
SVM_SNP,P9a,CV_group,0.67,0.729,0.62,0.59,0.672,0.242,SNP,classical,SVM
SVM_SNP,P9a,independent_test,0.738,0.694,0.833,0.758,0.797,0.486,SNP,classical,SVM
XGBoost,C4,CV_random,0.641,0.624,0.658,0.638,0.681,0.284,embedding,classical,XGBoost
XGBoost,C4,CV_group,0.525,0.515,0.695,0.555,0.602,0.068,embedding,classical,XGBoost
XGBoost,C4,independent_test,0.623,0.59,0.767,0.667,0.676,0.261,embedding,classical,XGBoost
XGBoost,C5,CV_random,0.785,0.375,0.222,0.271,0.744,0.168,embedding,classical,XGBoost
XGBoost,C5,CV_group,0.779,0.287,0.247,0.261,0.712,0.124,embedding,classical,XGBoost
XGBoost,C5,independent_test,0.803,0.429,0.273,0.333,0.735,0.232,embedding,classical,XGBoost
XGBoost,P9a,CV_random,0.739,0.695,0.85,0.764,0.741,0.494,embedding,classical,XGBoost
XGBoost,P9a,CV_group,0.74,0.7,0.851,0.756,0.713,0.419,embedding,classical,XGBoost
XGBoost,P9a,independent_test,0.77,0.75,0.8,0.774,0.858,0.543,embedding,classical,XGBoost
XGBoost_SNP,C4,CV_random,0.694,0.682,0.691,0.686,0.779,0.389,SNP,classical,XGBoost
XGBoost_SNP,C4,CV_group,0.6,0.549,0.836,0.641,0.661,0.191,SNP,classical,XGBoost
XGBoost_SNP,C4,independent_test,0.77,0.75,0.8,0.774,0.796,0.543,SNP,classical,XGBoost
XGBoost_SNP,C5,CV_random,0.826,0.53,0.378,0.429,0.792,0.347,SNP,classical,XGBoost
XGBoost_SNP,C5,CV_group,0.783,0.264,0.184,0.215,0.657,0.089,SNP,classical,XGBoost
XGBoost_SNP,C5,independent_test,0.836,0.545,0.545,0.545,0.882,0.445,SNP,classical,XGBoost
XGBoost_SNP,P9a,CV_random,0.698,0.686,0.733,0.707,0.798,0.399,SNP,classical,XGBoost
XGBoost_SNP,P9a,CV_group,0.716,0.699,0.801,0.718,0.726,0.332,SNP,classical,XGBoost
XGBoost_SNP,P9a,independent_test,0.738,0.684,0.867,0.765,0.867,0.495,SNP,classical,XGBoost
